named_labels,model,variable,horizon_years,value
claim_payoff_neutral_automation_positive|rental_tax_base_neutral_automation_positive,automation_persistence_0.50,output_deviation_linear,0.0,-0.0003773436166487882
claim_payoff_neutral_automation_positive|rental_tax_base_neutral_automation_positive,automation_persistence_0.50,output_deviation_linear,0.25,-0.0003725014593123217
claim_payoff_neutral_automation_positive|rental_tax_base_neutral_automation_positive,automation_persistence_0.50,output_deviation_linear,0.5,-0.00036591532032365
claim_payoff_neutral_automation_positive|rental_tax_base_neutral_automation_positive,automation_persistence_0.50,output_deviation_linear,1.0,-0.00034907936156667544
claim_payoff_neutral_automation_positive|rental_tax_base_neutral_automation_positive,automation_persistence_0.50,output_deviation_linear,2.0,-0.0003082893331976338
claim_payoff_neutral_automation_positive|rental_tax_base_neutral_automation_positive,automation_persistence_0.50,output_deviation_linear,3.0,-0.000266395316240499
claim_payoff_neutral_automation_positive|rental_tax_base_neutral_automation_positive,automation_persistence_0.50,output_deviation_linear,5.0,-0.00019482317302494702
claim_payoff_neutral_automation_positive|rental_tax_base_neutral_automation_positive,automation_persistence_0.50,output_deviation_linear,7.5,-0.00013315151782749838
claim_payoff_neutral_automation_positive|rental_tax_base_neutral_automation_positive,automation_persistence_0.50,output_deviation_linear,10.0,-9.44162661838141e-05
claim_payoff_neutral_automation_positive|rental_tax_base_neutral_automation_positive,automation_persistence_0.50,output_deviation_linear,15.0,-5.297650572171081e-05
claim_payoff_neutral_automation_positive|rental_tax_base_neutral_automation_positive,automation_persistence_0.50,output_deviation_linear,20.0,-3.1946669051475546e-05
claim_payoff_neutral_automation_positive|rental_tax_base_neutral_automation_positive,automation_persistence_0.50,output_deviation_linear,30.0,-9.960333859456194e-06
claim_payoff_neutral_automation_positive|rental_tax_base_neutral_automation_positive,automation_persistence_0.50,output_deviation_linear,40.0,-7.686005147056333e-07
claim_payoff_neutral_automation_positive|rental_tax_base_neutral_automation_positive,automation_persistence_0.81,output_deviation_linear,0.0,-0.0003773436166487882
claim_payoff_neutral_automation_positive|rental_tax_base_neutral_automation_positive,automation_persistence_0.81,output_deviation_linear,0.25,-0.00035797958674068113
claim_payoff_neutral_automation_positive|rental_tax_base_neutral_automation_positive,automation_persistence_0.81,output_deviation_linear,0.5,-0.0003396092549839094
claim_payoff_neutral_automation_positive|rental_tax_base_neutral_automation_positive,automation_persistence_0.81,output_deviation_linear,1.0,-0.0003056483294855185
claim_payoff_neutral_automation_positive|rental_tax_base_neutral_automation_positive,automation_persistence_0.81,output_deviation_linear,2.0,-0.0002475751468832701
claim_payoff_neutral_automation_positive|rental_tax_base_neutral_automation_positive,automation_persistence_0.81,output_deviation_linear,3.0,-0.00020053586897544865
claim_payoff_neutral_automation_positive|rental_tax_base_neutral_automation_positive,automation_persistence_0.81,output_deviation_linear,5.0,-0.00013157158363479192
claim_payoff_neutral_automation_positive|rental_tax_base_neutral_automation_positive,automation_persistence_0.81,output_deviation_linear,7.5,-7.769170442050841e-05
claim_payoff_neutral_automation_positive|rental_tax_base_neutral_automation_positive,automation_persistence_0.81,output_deviation_linear,10.0,-4.58761745432662e-05
claim_payoff_neutral_automation_positive|rental_tax_base_neutral_automation_positive,automation_persistence_0.81,output_deviation_linear,15.0,-1.5996032977501376e-05
claim_payoff_neutral_automation_positive|rental_tax_base_neutral_automation_positive,automation_persistence_0.81,output_deviation_linear,20.0,-5.577471826383385e-06
claim_payoff_neutral_automation_positive|rental_tax_base_neutral_automation_positive,automation_persistence_0.81,output_deviation_linear,30.0,-6.780903657248532e-07
claim_payoff_neutral_automation_positive|rental_tax_base_neutral_automation_positive,automation_persistence_0.81,output_deviation_linear,40.0,-8.243995817491775e-08
claim_payoff_neutral_automation_positive|rental_tax_base_neutral_automation_positive,automation_persistence_0.95,output_deviation_linear,0.0,-0.0003773436166487882
claim_payoff_neutral_automation_positive|rental_tax_base_neutral_automation_positive,automation_persistence_0.95,output_deviation_linear,0.25,-0.00035276843967628545
claim_payoff_neutral_automation_positive|rental_tax_base_neutral_automation_positive,automation_persistence_0.95,output_deviation_linear,0.5,-0.00032937602460914544
claim_payoff_neutral_automation_positive|rental_tax_base_neutral_automation_positive,automation_persistence_0.95,output_deviation_linear,1.0,-0.00028589719932680974
claim_payoff_neutral_automation_positive|rental_tax_base_neutral_automation_positive,automation_persistence_0.95,output_deviation_linear,2.0,-0.00021064437808008098
claim_payoff_neutral_automation_positive|rental_tax_base_neutral_automation_positive,automation_persistence_0.95,output_deviation_linear,3.0,-0.00014851070207073973
claim_payoff_neutral_automation_positive|rental_tax_base_neutral_automation_positive,automation_persistence_0.95,output_deviation_linear,5.0,-5.426281714991949e-05
claim_payoff_neutral_automation_positive|rental_tax_base_neutral_automation_positive,automation_persistence_0.95,output_deviation_linear,7.5,2.417177245542292e-05
claim_payoff_neutral_automation_positive|rental_tax_base_neutral_automation_positive,automation_persistence_0.95,output_deviation_linear,10.0,7.435648442590818e-05
claim_payoff_neutral_automation_positive|rental_tax_base_neutral_automation_positive,automation_persistence_0.95,output_deviation_linear,15.0,0.00012553028846448247
claim_payoff_neutral_automation_positive|rental_tax_base_neutral_automation_positive,automation_persistence_0.95,output_deviation_linear,20.0,0.00013987218192410984
claim_payoff_neutral_automation_positive|rental_tax_base_neutral_automation_positive,automation_persistence_0.95,output_deviation_linear,30.0,0.00011838844055122875
claim_payoff_neutral_automation_positive|rental_tax_base_neutral_automation_positive,automation_persistence_0.95,output_deviation_linear,40.0,7.751418274434384e-05
claim_payoff_neutral_automation_positive|rental_tax_base_neutral_automation_positive,automation_persistence_0.50,wage_income_deviation_linear,0.0,-0.0003773436166487882
claim_payoff_neutral_automation_positive|rental_tax_base_neutral_automation_positive,automation_persistence_0.50,wage_income_deviation_linear,0.25,-0.0003537353072961372
claim_payoff_neutral_automation_positive|rental_tax_base_neutral_automation_positive,automation_persistence_0.50,wage_income_deviation_linear,0.5,-0.00033222366967134613
claim_payoff_neutral_automation_positive|rental_tax_base_neutral_automation_positive,automation_persistence_0.50,wage_income_deviation_linear,1.0,-0.00029454079346429983
claim_payoff_neutral_automation_positive|rental_tax_base_neutral_automation_positive,automation_persistence_0.50,wage_income_deviation_linear,2.0,-0.0002355451673255853
claim_payoff_neutral_automation_positive|rental_tax_base_neutral_automation_positive,automation_persistence_0.50,wage_income_deviation_linear,3.0,-0.0001918580124263029
claim_payoff_neutral_automation_positive|rental_tax_base_neutral_automation_positive,automation_persistence_0.50,wage_income_deviation_linear,5.0,-0.0001325925701233591
claim_payoff_neutral_automation_positive|rental_tax_base_neutral_automation_positive,automation_persistence_0.50,wage_income_deviation_linear,7.5,-8.858874831503754e-05
claim_payoff_neutral_automation_positive|rental_tax_base_neutral_automation_positive,automation_persistence_0.50,wage_income_deviation_linear,10.0,-6.244002555403276e-05
claim_payoff_neutral_automation_positive|rental_tax_base_neutral_automation_positive,automation_persistence_0.50,wage_income_deviation_linear,15.0,-3.496840908485149e-05
claim_payoff_neutral_automation_positive|rental_tax_base_neutral_automation_positive,automation_persistence_0.50,wage_income_deviation_linear,20.0,-2.1084923927365184e-05
claim_payoff_neutral_automation_positive|rental_tax_base_neutral_automation_positive,automation_persistence_0.50,wage_income_deviation_linear,30.0,-6.573820466726821e-06
claim_payoff_neutral_automation_positive|rental_tax_base_neutral_automation_positive,automation_persistence_0.50,wage_income_deviation_linear,40.0,-5.072763398224032e-07
claim_payoff_neutral_automation_positive|rental_tax_base_neutral_automation_positive,automation_persistence_0.81,wage_income_deviation_linear,0.0,-0.0003773436166487882
claim_payoff_neutral_automation_positive|rental_tax_base_neutral_automation_positive,automation_persistence_0.81,wage_income_deviation_linear,0.25,-0.00035797958674068113
claim_payoff_neutral_automation_positive|rental_tax_base_neutral_automation_positive,automation_persistence_0.81,wage_income_deviation_linear,0.5,-0.0003396092549839094
claim_payoff_neutral_automation_positive|rental_tax_base_neutral_automation_positive,automation_persistence_0.81,wage_income_deviation_linear,1.0,-0.00030564832948551846
claim_payoff_neutral_automation_positive|rental_tax_base_neutral_automation_positive,automation_persistence_0.81,wage_income_deviation_linear,2.0,-0.00024757514688327
claim_payoff_neutral_automation_positive|rental_tax_base_neutral_automation_positive,automation_persistence_0.81,wage_income_deviation_linear,3.0,-0.00020053586897544865
claim_payoff_neutral_automation_positive|rental_tax_base_neutral_automation_positive,automation_persistence_0.81,wage_income_deviation_linear,5.0,-0.0001315715836347919
claim_payoff_neutral_automation_positive|rental_tax_base_neutral_automation_positive,automation_persistence_0.81,wage_income_deviation_linear,7.5,-7.769170442050839e-05
claim_payoff_neutral_automation_positive|rental_tax_base_neutral_automation_positive,automation_persistence_0.81,wage_income_deviation_linear,10.0,-4.587617454326617e-05
claim_payoff_neutral_automation_positive|rental_tax_base_neutral_automation_positive,automation_persistence_0.81,wage_income_deviation_linear,15.0,-1.5996032977501352e-05
claim_payoff_neutral_automation_positive|rental_tax_base_neutral_automation_positive,automation_persistence_0.81,wage_income_deviation_linear,20.0,-5.5774718263833735e-06
claim_payoff_neutral_automation_positive|rental_tax_base_neutral_automation_positive,automation_persistence_0.81,wage_income_deviation_linear,30.0,-6.780903657248477e-07
claim_payoff_neutral_automation_positive|rental_tax_base_neutral_automation_positive,automation_persistence_0.81,wage_income_deviation_linear,40.0,-8.243995817491933e-08
claim_payoff_neutral_automation_positive|rental_tax_base_neutral_automation_positive,automation_persistence_0.95,wage_income_deviation_linear,0.0,-0.0003773436166487882
claim_payoff_neutral_automation_positive|rental_tax_base_neutral_automation_positive,automation_persistence_0.95,wage_income_deviation_linear,0.25,-0.0003594893115525276
claim_payoff_neutral_automation_positive|rental_tax_base_neutral_automation_positive,automation_persistence_0.95,wage_income_deviation_linear,0.5,-0.00034243645762130977
claim_payoff_neutral_automation_positive|rental_tax_base_neutral_automation_positive,automation_persistence_0.95,wage_income_deviation_linear,1.0,-0.000310574139733253
claim_payoff_neutral_automation_positive|rental_tax_base_neutral_automation_positive,automation_persistence_0.95,wage_income_deviation_linear,2.0,-0.0002548131783015341
claim_payoff_neutral_automation_positive|rental_tax_base_neutral_automation_positive,automation_persistence_0.95,wage_income_deviation_linear,3.0,-0.0002080155576969348
claim_payoff_neutral_automation_positive|rental_tax_base_neutral_automation_positive,automation_persistence_0.95,wage_income_deviation_linear,5.0,-0.0001350871004519944
claim_payoff_neutral_automation_positive|rental_tax_base_neutral_automation_positive,automation_persistence_0.95,wage_income_deviation_linear,7.5,-7.137250887899333e-05
claim_payoff_neutral_automation_positive|rental_tax_base_neutral_automation_positive,automation_persistence_0.95,wage_income_deviation_linear,10.0,-2.774077138386867e-05
claim_payoff_neutral_automation_positive|rental_tax_base_neutral_automation_positive,automation_persistence_0.95,wage_income_deviation_linear,15.0,2.3411194347508335e-05
claim_payoff_neutral_automation_positive|rental_tax_base_neutral_automation_positive,automation_persistence_0.95,wage_income_deviation_linear,20.0,4.632303274694504e-05
claim_payoff_neutral_automation_positive|rental_tax_base_neutral_automation_positive,automation_persistence_0.95,wage_income_deviation_linear,30.0,5.0598897827664786e-05
claim_payoff_neutral_automation_positive|rental_tax_base_neutral_automation_positive,automation_persistence_0.95,wage_income_deviation_linear,40.0,3.46716583511191e-05
claim_payoff_neutral_automation_positive|rental_tax_base_neutral_automation_positive,automation_persistence_0.50,fiscal_resources_deviation_linear,0.0,-0.00037734361664878817
claim_payoff_neutral_automation_positive|rental_tax_base_neutral_automation_positive,automation_persistence_0.50,fiscal_resources_deviation_linear,0.25,-0.00036187359622050956
claim_payoff_neutral_automation_positive|rental_tax_base_neutral_automation_positive,automation_persistence_0.50,fiscal_resources_deviation_linear,0.5,-0.0003465029328785268
claim_payoff_neutral_automation_positive|rental_tax_base_neutral_automation_positive,automation_persistence_0.50,fiscal_resources_deviation_linear,1.0,-0.0003165077244507695
claim_payoff_neutral_automation_positive|rental_tax_base_neutral_automation_positive,automation_persistence_0.50,fiscal_resources_deviation_linear,2.0,-0.0002614057142895798
claim_payoff_neutral_automation_positive|rental_tax_base_neutral_automation_positive,automation_persistence_0.50,fiscal_resources_deviation_linear,3.0,-0.00021437776544702862
claim_payoff_neutral_automation_positive|rental_tax_base_neutral_automation_positive,automation_persistence_0.50,fiscal_resources_deviation_linear,5.0,-0.0001440606421799569
claim_payoff_neutral_automation_positive|rental_tax_base_neutral_automation_positive,automation_persistence_0.50,fiscal_resources_deviation_linear,7.5,-9.052917773632976e-05
claim_payoff_neutral_automation_positive|rental_tax_base_neutral_automation_positive,automation_persistence_0.50,fiscal_resources_deviation_linear,10.0,-6.08967768683847e-05
claim_payoff_neutral_automation_positive|rental_tax_base_neutral_automation_positive,automation_persistence_0.50,fiscal_resources_deviation_linear,15.0,-3.520269368201105e-05
claim_payoff_neutral_automation_positive|rental_tax_base_neutral_automation_positive,automation_persistence_0.50,fiscal_resources_deviation_linear,20.0,-2.514469612943017e-05
claim_payoff_neutral_automation_positive|rental_tax_base_neutral_automation_positive,automation_persistence_0.50,fiscal_resources_deviation_linear,30.0,-1.2756947712627098e-05
claim_payoff_neutral_automation_positive|rental_tax_base_neutral_automation_positive,automation_persistence_0.50,fiscal_resources_deviation_linear,40.0,-4.105267730132487e-06
claim_payoff_neutral_automation_positive|rental_tax_base_neutral_automation_positive,automation_persistence_0.81,fiscal_resources_deviation_linear,0.0,-0.00037734361664878817
claim_payoff_neutral_automation_positive|rental_tax_base_neutral_automation_positive,automation_persistence_0.81,fiscal_resources_deviation_linear,0.25,-0.0003579795867406811
claim_payoff_neutral_automation_positive|rental_tax_base_neutral_automation_positive,automation_persistence_0.81,fiscal_resources_deviation_linear,0.5,-0.00033960925498390936
claim_payoff_neutral_automation_positive|rental_tax_base_neutral_automation_positive,automation_persistence_0.81,fiscal_resources_deviation_linear,1.0,-0.00030564832948551846
claim_payoff_neutral_automation_positive|rental_tax_base_neutral_automation_positive,automation_persistence_0.81,fiscal_resources_deviation_linear,2.0,-0.00024757514688327
claim_payoff_neutral_automation_positive|rental_tax_base_neutral_automation_positive,automation_persistence_0.81,fiscal_resources_deviation_linear,3.0,-0.00020053586897544865
claim_payoff_neutral_automation_positive|rental_tax_base_neutral_automation_positive,automation_persistence_0.81,fiscal_resources_deviation_linear,5.0,-0.0001315715836347919
claim_payoff_neutral_automation_positive|rental_tax_base_neutral_automation_positive,automation_persistence_0.81,fiscal_resources_deviation_linear,7.5,-7.769170442050837e-05
claim_payoff_neutral_automation_positive|rental_tax_base_neutral_automation_positive,automation_persistence_0.81,fiscal_resources_deviation_linear,10.0,-4.587617454326617e-05
claim_payoff_neutral_automation_positive|rental_tax_base_neutral_automation_positive,automation_persistence_0.81,fiscal_resources_deviation_linear,15.0,-1.5996032977501352e-05
claim_payoff_neutral_automation_positive|rental_tax_base_neutral_automation_positive,automation_persistence_0.81,fiscal_resources_deviation_linear,20.0,-5.577471826383372e-06
claim_payoff_neutral_automation_positive|rental_tax_base_neutral_automation_positive,automation_persistence_0.81,fiscal_resources_deviation_linear,30.0,-6.780903657248536e-07
claim_payoff_neutral_automation_positive|rental_tax_base_neutral_automation_positive,automation_persistence_0.81,fiscal_resources_deviation_linear,40.0,-8.243995817491949e-08
claim_payoff_neutral_automation_positive|rental_tax_base_neutral_automation_positive,automation_persistence_0.95,fiscal_resources_deviation_linear,0.0,-0.00037734361664878817
claim_payoff_neutral_automation_positive|rental_tax_base_neutral_automation_positive,automation_persistence_0.95,fiscal_resources_deviation_linear,0.25,-0.0003576071221418618
claim_payoff_neutral_automation_positive|rental_tax_base_neutral_automation_positive,automation_persistence_0.95,fiscal_resources_deviation_linear,0.5,-0.00033892345660657756
claim_payoff_neutral_automation_positive|rental_tax_base_neutral_automation_positive,automation_persistence_0.95,fiscal_resources_deviation_linear,1.0,-0.0003044756978048893
claim_payoff_neutral_automation_positive|rental_tax_base_neutral_automation_positive,automation_persistence_0.95,fiscal_resources_deviation_linear,2.0,-0.0002457663527616742
claim_payoff_neutral_automation_positive|rental_tax_base_neutral_automation_positive,automation_persistence_0.95,fiscal_resources_deviation_linear,3.0,-0.00019821106995202622
claim_payoff_neutral_automation_positive|rental_tax_base_neutral_automation_positive,automation_persistence_0.95,fiscal_resources_deviation_linear,5.0,-0.00012756495759525267
claim_payoff_neutral_automation_positive|rental_tax_base_neutral_automation_positive,automation_persistence_0.95,fiscal_resources_deviation_linear,7.5,-6.923576810227792e-05
claim_payoff_neutral_automation_positive|rental_tax_base_neutral_automation_positive,automation_persistence_0.95,fiscal_resources_deviation_linear,10.0,-3.0293889654024487e-05
claim_payoff_neutral_automation_positive|rental_tax_base_neutral_automation_positive,automation_persistence_0.95,fiscal_resources_deviation_linear,15.0,1.8111448518248627e-05
claim_payoff_neutral_automation_positive|rental_tax_base_neutral_automation_positive,automation_persistence_0.95,fiscal_resources_deviation_linear,20.0,4.5693000650472316e-05
claim_payoff_neutral_automation_positive|rental_tax_base_neutral_automation_positive,automation_persistence_0.95,fiscal_resources_deviation_linear,30.0,6.38353394940556e-05
claim_payoff_neutral_automation_positive|rental_tax_base_neutral_automation_positive,automation_persistence_0.95,fiscal_resources_deviation_linear,40.0,5.294119109531113e-05
claim_payoff_neutral_automation_positive|rental_tax_base_neutral_automation_positive,automation_persistence_0.50,claim_loading_state_functional,0.0,1.161097098851355e-19
claim_payoff_neutral_automation_positive|rental_tax_base_neutral_automation_positive,automation_persistence_0.50,claim_loading_state_functional,0.25,-0.00015539607548028354
claim_payoff_neutral_automation_positive|rental_tax_base_neutral_automation_positive,automation_persistence_0.50,claim_loading_state_functional,0.5,-0.0002780936642066082
claim_payoff_neutral_automation_positive|rental_tax_base_neutral_automation_positive,automation_persistence_0.50,claim_loading_state_functional,1.0,-0.00044692621355145494
claim_payoff_neutral_automation_positive|rental_tax_base_neutral_automation_positive,automation_persistence_0.50,claim_loading_state_functional,2.0,-0.0005854733397524056
claim_payoff_neutral_automation_positive|rental_tax_base_neutral_automation_positive,automation_persistence_0.50,claim_loading_state_functional,3.0,-0.0005859649585873118
claim_payoff_neutral_automation_positive|rental_tax_base_neutral_automation_positive,automation_persistence_0.50,claim_loading_state_functional,5.0,-0.00045763577679817853
claim_payoff_neutral_automation_positive|rental_tax_base_neutral_automation_positive,automation_persistence_0.50,claim_loading_state_functional,7.5,-0.0002888683942737113
claim_payoff_neutral_automation_positive|rental_tax_base_neutral_automation_positive,automation_persistence_0.50,claim_loading_state_functional,10.0,-0.0001738688468128862
claim_payoff_neutral_automation_positive|rental_tax_base_neutral_automation_positive,automation_persistence_0.50,claim_loading_state_functional,15.0,-6.107122822698275e-05
claim_payoff_neutral_automation_positive|rental_tax_base_neutral_automation_positive,automation_persistence_0.50,claim_loading_state_functional,20.0,-2.130818652874665e-05
claim_payoff_neutral_automation_positive|rental_tax_base_neutral_automation_positive,automation_persistence_0.50,claim_loading_state_functional,30.0,-2.5907438478104894e-06
claim_payoff_neutral_automation_positive|rental_tax_base_neutral_automation_positive,automation_persistence_0.50,claim_loading_state_functional,40.0,-3.149741318458795e-07
claim_payoff_neutral_automation_positive|rental_tax_base_neutral_automation_positive,automation_persistence_0.81,claim_loading_state_functional,0.0,1.161097098851355e-19
claim_payoff_neutral_automation_positive|rental_tax_base_neutral_automation_positive,automation_persistence_0.81,claim_loading_state_functional,0.25,2.4065614769853456e-19
claim_payoff_neutral_automation_positive|rental_tax_base_neutral_automation_positive,automation_persistence_0.81,claim_loading_state_functional,0.5,9.542447887264805e-20
claim_payoff_neutral_automation_positive|rental_tax_base_neutral_automation_positive,automation_persistence_0.81,claim_loading_state_functional,1.0,1.026950755530315e-19
claim_payoff_neutral_automation_positive|rental_tax_base_neutral_automation_positive,automation_persistence_0.81,claim_loading_state_functional,2.0,-1.1155305373524407e-19
claim_payoff_neutral_automation_positive|rental_tax_base_neutral_automation_positive,automation_persistence_0.81,claim_loading_state_functional,3.0,1.0538567807107175e-19
claim_payoff_neutral_automation_positive|rental_tax_base_neutral_automation_positive,automation_persistence_0.81,claim_loading_state_functional,5.0,-6.143518005561697e-20
claim_payoff_neutral_automation_positive|rental_tax_base_neutral_automation_positive,automation_persistence_0.81,claim_loading_state_functional,7.5,-2.52159554987948e-19
claim_payoff_neutral_automation_positive|rental_tax_base_neutral_automation_positive,automation_persistence_0.81,claim_loading_state_functional,10.0,-2.985744066571099e-19
claim_payoff_neutral_automation_positive|rental_tax_base_neutral_automation_positive,automation_persistence_0.81,claim_loading_state_functional,15.0,-1.0384292276401796e-19
claim_payoff_neutral_automation_positive|rental_tax_base_neutral_automation_positive,automation_persistence_0.81,claim_loading_state_functional,20.0,-4.8875237309522716e-20
claim_payoff_neutral_automation_positive|rental_tax_base_neutral_automation_positive,automation_persistence_0.81,claim_loading_state_functional,30.0,-8.725518615182058e-21
claim_payoff_neutral_automation_positive|rental_tax_base_neutral_automation_positive,automation_persistence_0.81,claim_loading_state_functional,40.0,2.362408856673755e-20
claim_payoff_neutral_automation_positive|rental_tax_base_neutral_automation_positive,automation_persistence_0.95,claim_loading_state_functional,0.0,1.161097098851355e-19
claim_payoff_neutral_automation_positive|rental_tax_base_neutral_automation_positive,automation_persistence_0.95,claim_loading_state_functional,0.25,5.561383552224009e-05
claim_payoff_neutral_automation_positive|rental_tax_base_neutral_automation_positive,automation_persistence_0.95,claim_loading_state_functional,0.5,0.00010766515123455154
claim_payoff_neutral_automation_positive|rental_tax_base_neutral_automation_positive,automation_persistence_0.95,claim_loading_state_functional,1.0,0.00020183764482968903
claim_payoff_neutral_automation_positive|rental_tax_base_neutral_automation_positive,automation_persistence_0.95,claim_loading_state_functional,2.0,0.00035523425490025255
claim_payoff_neutral_automation_positive|rental_tax_base_neutral_automation_positive,automation_persistence_0.95,claim_loading_state_functional,3.0,0.00046989822092799915
claim_payoff_neutral_automation_positive|rental_tax_base_neutral_automation_positive,automation_persistence_0.95,claim_loading_state_functional,5.0,0.0006128691920459645
claim_payoff_neutral_automation_positive|rental_tax_base_neutral_automation_positive,automation_persistence_0.95,claim_loading_state_functional,7.5,0.0006844658651178311
claim_payoff_neutral_automation_positive|rental_tax_base_neutral_automation_positive,automation_persistence_0.95,claim_loading_state_functional,10.0,0.0006879207718541272
claim_payoff_neutral_automation_positive|rental_tax_base_neutral_automation_positive,automation_persistence_0.95,claim_loading_state_functional,15.0,0.0006068105658415843
claim_payoff_neutral_automation_positive|rental_tax_base_neutral_automation_positive,automation_persistence_0.95,claim_loading_state_functional,20.0,0.0004955186834438304
claim_payoff_neutral_automation_positive|rental_tax_base_neutral_automation_positive,automation_persistence_0.95,claim_loading_state_functional,30.0,0.00030685341626234756
claim_payoff_neutral_automation_positive|rental_tax_base_neutral_automation_positive,automation_persistence_0.95,claim_loading_state_functional,40.0,0.00018496067596030492
output_neutral_automation_positive,automation_persistence_0.50,output_deviation_linear,0.0,-1.6929036495709847e-19
output_neutral_automation_positive,automation_persistence_0.50,output_deviation_linear,0.25,-2.4033169166551544e-05
output_neutral_automation_positive,automation_persistence_0.50,output_deviation_linear,0.5,-4.299752933712386e-05
output_neutral_automation_positive,automation_persistence_0.50,output_deviation_linear,1.0,-6.907575704813199e-05
output_neutral_automation_positive,automation_persistence_0.50,output_deviation_linear,2.0,-9.050907463822218e-05
output_neutral_automation_positive,automation_persistence_0.50,output_deviation_linear,3.0,-9.077932765478741e-05
output_neutral_automation_positive,automation_persistence_0.50,output_deviation_linear,5.0,-7.188359214073392e-05
output_neutral_automation_positive,automation_persistence_0.50,output_deviation_linear,7.5,-4.7544753523079746e-05
output_neutral_automation_positive,automation_persistence_0.50,output_deviation_linear,10.0,-3.15183169327797e-05
output_neutral_automation_positive,automation_persistence_0.50,output_deviation_linear,15.0,-1.6267905325572493e-05
output_neutral_automation_positive,automation_persistence_0.50,output_deviation_linear,20.0,-1.0287378955684368e-05
output_neutral_automation_positive,automation_persistence_0.50,output_deviation_linear,30.0,-4.571871470517593e-06
output_neutral_automation_positive,automation_persistence_0.50,output_deviation_linear,40.0,-1.3524831441669079e-06
output_neutral_automation_positive,automation_persistence_0.81,output_deviation_linear,0.0,-1.6929036495709847e-19
output_neutral_automation_positive,automation_persistence_0.81,output_deviation_linear,0.25,3.603164666320718e-06
output_neutral_automation_positive,automation_persistence_0.81,output_deviation_linear,0.5,7.065105489886553e-06
output_neutral_automation_positive,automation_persistence_0.81,output_deviation_linear,1.0,1.3577116772357631e-05
output_neutral_automation_positive,automation_persistence_0.81,output_deviation_linear,2.0,2.5035082156799237e-05
output_neutral_automation_positive,automation_persistence_0.81,output_deviation_linear,3.0,3.4556689562429596e-05
output_neutral_automation_positive,automation_persistence_0.81,output_deviation_linear,5.0,4.8489454188001895e-05
output_neutral_automation_positive,automation_persistence_0.81,output_deviation_linear,7.5,5.799989370220737e-05
output_neutral_automation_positive,automation_persistence_0.81,output_deviation_linear,10.0,6.0857523045056414e-05
output_neutral_automation_positive,automation_persistence_0.81,output_deviation_linear,15.0,5.410901645325187e-05
output_neutral_automation_positive,automation_persistence_0.81,output_deviation_linear,20.0,3.989540111089264e-05
output_neutral_automation_positive,automation_persistence_0.81,output_deviation_linear,30.0,1.3093011528919471e-05
output_neutral_automation_positive,automation_persistence_0.81,output_deviation_linear,40.0,-4.666241686867102e-08
output_neutral_automation_positive,automation_persistence_0.95,output_deviation_linear,0.0,-1.6929036495709847e-19
output_neutral_automation_positive,automation_persistence_0.95,output_deviation_linear,0.25,1.3520411854199107e-05
output_neutral_automation_positive,automation_persistence_0.95,output_deviation_linear,0.5,2.6539795784164176e-05
output_neutral_automation_positive,automation_persistence_0.95,output_deviation_linear,1.0,5.1165163627180004e-05
output_neutral_automation_positive,automation_persistence_0.95,output_deviation_linear,2.0,9.531741319327466e-05
output_neutral_automation_positive,automation_persistence_0.95,output_deviation_linear,3.0,0.00013356491823241862
output_neutral_automation_positive,automation_persistence_0.95,output_deviation_linear,5.0,0.0001956144801268659
output_neutral_automation_positive,automation_persistence_0.95,output_deviation_linear,7.5,0.0002518545800336318
output_neutral_automation_positive,automation_persistence_0.95,output_deviation_linear,10.0,0.0002896702938839207
output_neutral_automation_positive,automation_persistence_0.95,output_deviation_linear,15.0,0.0003234454017034071
output_neutral_automation_positive,automation_persistence_0.95,output_deviation_linear,20.0,0.0003166982147352372
output_neutral_automation_positive,automation_persistence_0.95,output_deviation_linear,30.0,0.0002396865434931783
output_neutral_automation_positive,automation_persistence_0.95,output_deviation_linear,40.0,0.00014762617789562365
output_neutral_automation_positive,automation_persistence_0.50,wage_income_deviation_linear,0.0,-0.0002441595597749135
output_neutral_automation_positive,automation_persistence_0.50,wage_income_deviation_linear,0.25,-0.00022117479021457377
output_neutral_automation_positive,automation_persistence_0.50,wage_income_deviation_linear,0.5,-0.0002010252497708652
output_neutral_automation_positive,automation_persistence_0.50,wage_income_deviation_linear,1.0,-0.00016766977953922385
output_neutral_automation_positive,automation_persistence_0.50,wage_income_deviation_linear,2.0,-0.000120775879204955
output_neutral_automation_positive,automation_persistence_0.50,wage_income_deviation_linear,3.0,-9.043430122402398e-05
output_neutral_automation_positive,automation_persistence_0.50,wage_income_deviation_linear,5.0,-5.5073157055851735e-05
output_neutral_automation_positive,automation_persistence_0.50,wage_income_deviation_linear,7.5,-3.272834107842303e-05
output_neutral_automation_positive,automation_persistence_0.50,wage_income_deviation_linear,10.0,-2.104052624572737e-05
output_neutral_automation_positive,automation_persistence_0.50,wage_income_deviation_linear,15.0,-1.074426867331824e-05
output_neutral_automation_positive,automation_persistence_0.50,wage_income_deviation_linear,20.0,-6.789902959452945e-06
output_neutral_automation_positive,automation_persistence_0.50,wage_income_deviation_linear,30.0,-3.0174353979329213e-06
output_neutral_automation_positive,automation_persistence_0.50,wage_income_deviation_linear,40.0,-8.926388753722209e-07
output_neutral_automation_positive,automation_persistence_0.81,wage_income_deviation_linear,0.0,-0.0002441595597749135
output_neutral_automation_positive,automation_persistence_0.81,wage_income_deviation_linear,0.25,-0.00022925200773805476
output_neutral_automation_positive,automation_persistence_0.81,wage_income_deviation_linear,0.5,-0.00021508063417409698
output_neutral_automation_positive,automation_persistence_0.81,wage_income_deviation_linear,1.0,-0.00018880834634792386
output_neutral_automation_positive,automation_persistence_0.81,wage_income_deviation_linear,2.0,-0.00014366993294483325
output_neutral_automation_positive,automation_persistence_0.81,wage_income_deviation_linear,3.0,-0.00010694898549513625
output_neutral_automation_positive,automation_persistence_0.81,wage_income_deviation_linear,5.0,-5.313013467373829e-05
output_neutral_automation_positive,automation_persistence_0.81,wage_income_deviation_linear,7.5,-1.1990358330331231e-05
output_neutral_automation_positive,automation_persistence_0.81,wage_income_deviation_linear,10.0,1.0481862745997004e-05
output_neutral_automation_positive,automation_persistence_0.81,wage_income_deviation_linear,15.0,2.5361744316320746e-05
output_neutral_automation_positive,automation_persistence_0.81,wage_income_deviation_linear,20.0,2.2722070861123915e-05
output_neutral_automation_positive,automation_persistence_0.81,wage_income_deviation_linear,30.0,8.202630365348756e-06
output_neutral_automation_positive,automation_persistence_0.81,wage_income_deviation_linear,40.0,-8.413983300438002e-08
output_neutral_automation_positive,automation_persistence_0.95,wage_income_deviation_linear,0.0,-0.0002441595597749135
output_neutral_automation_positive,automation_persistence_0.95,wage_income_deviation_linear,0.25,-0.00023212513988338427
output_neutral_automation_positive,automation_persistence_0.95,wage_income_deviation_linear,0.5,-0.00022046103642696887
output_neutral_automation_positive,automation_persistence_0.95,wage_income_deviation_linear,1.0,-0.00019818257379222896
output_neutral_automation_positive,automation_persistence_0.95,wage_income_deviation_linear,2.0,-0.00015744450998929804
output_neutral_automation_positive,automation_persistence_0.95,wage_income_deviation_linear,3.0,-0.00012118345652862006
output_neutral_automation_positive,automation_persistence_0.95,wage_income_deviation_linear,5.0,-5.982045617848825e-05
output_neutral_automation_positive,automation_persistence_0.95,wage_income_deviation_linear,7.5,3.559746007812407e-08
output_neutral_automation_positive,automation_persistence_0.95,wage_income_deviation_linear,10.0,4.499504645796603e-05
output_neutral_automation_positive,automation_persistence_0.95,wage_income_deviation_linear,15.0,0.00010035698232086526
output_neutral_automation_positive,automation_persistence_0.95,wage_income_deviation_linear,20.0,0.00012149305672448318
output_neutral_automation_positive,automation_persistence_0.95,wage_income_deviation_linear,30.0,0.00010578701259055853
output_neutral_automation_positive,automation_persistence_0.95,wage_income_deviation_linear,40.0,6.605580583845128e-05
output_neutral_automation_positive,automation_persistence_0.50,fiscal_resources_deviation_linear,0.0,-0.00012207977988745681
output_neutral_automation_positive,automation_persistence_0.50,fiscal_resources_deviation_linear,0.25,-0.0001241449133282551
output_neutral_automation_positive,automation_persistence_0.50,fiscal_resources_deviation_linear,0.5,-0.00012463024628244873
output_neutral_automation_positive,automation_persistence_0.50,fiscal_resources_deviation_linear,1.0,-0.0001220927253695066
output_neutral_automation_positive,automation_persistence_0.50,fiscal_resources_deviation_linear,2.0,-0.00010899185069075462
output_neutral_automation_positive,automation_persistence_0.50,fiscal_resources_deviation_linear,3.0,-9.20757268671492e-05
output_neutral_automation_positive,automation_persistence_0.50,fiscal_resources_deviation_linear,5.0,-6.0732566469532056e-05
output_neutral_automation_positive,automation_persistence_0.50,fiscal_resources_deviation_linear,7.5,-3.406231551113463e-05
output_neutral_automation_positive,automation_persistence_0.50,fiscal_resources_deviation_linear,10.0,-1.9082888188259185e-05
output_neutral_automation_positive,automation_persistence_0.50,fiscal_resources_deviation_linear,15.0,-7.5513764333435496e-06
output_neutral_automation_positive,automation_persistence_0.50,fiscal_resources_deviation_linear,20.0,-5.122513979081549e-06
output_neutral_automation_positive,automation_persistence_0.50,fiscal_resources_deviation_linear,30.0,-3.877116616268635e-06
output_neutral_automation_positive,automation_persistence_0.50,fiscal_resources_deviation_linear,40.0,-2.0186991177566252e-06
output_neutral_automation_positive,automation_persistence_0.81,fiscal_resources_deviation_linear,0.0,-0.00012207977988745681
output_neutral_automation_positive,automation_persistence_0.81,fiscal_resources_deviation_linear,0.25,-0.00011673428874096401
output_neutral_automation_positive,automation_persistence_0.81,fiscal_resources_deviation_linear,0.5,-0.00011151100269371248
output_neutral_automation_positive,automation_persistence_0.81,fiscal_resources_deviation_linear,1.0,-0.00010142639167169017
output_neutral_automation_positive,automation_persistence_0.81,fiscal_resources_deviation_linear,2.0,-8.267112820450587e-05
output_neutral_automation_positive,automation_persistence_0.81,fiscal_resources_deviation_linear,3.0,-6.573344422546758e-05
output_neutral_automation_positive,automation_persistence_0.81,fiscal_resources_deviation_linear,5.0,-3.696484715442751e-05
output_neutral_automation_positive,automation_persistence_0.81,fiscal_resources_deviation_linear,7.5,-9.63153384875644e-06
output_neutral_automation_positive,automation_persistence_0.81,fiscal_resources_deviation_linear,10.0,9.502569932235852e-06
output_neutral_automation_positive,automation_persistence_0.81,fiscal_resources_deviation_linear,15.0,2.900049967119746e-05
output_neutral_automation_positive,automation_persistence_0.81,fiscal_resources_deviation_linear,20.0,3.211554470473744e-05
output_neutral_automation_positive,automation_persistence_0.81,fiscal_resources_deviation_linear,30.0,1.9109955630221903e-05
output_neutral_automation_positive,automation_persistence_0.81,fiscal_resources_deviation_linear,40.0,5.637077415848433e-06
output_neutral_automation_positive,automation_persistence_0.95,fiscal_resources_deviation_linear,0.0,-0.00012207977988745681
output_neutral_automation_positive,automation_persistence_0.95,fiscal_resources_deviation_linear,0.25,-0.0001160254575662574
output_neutral_automation_positive,automation_persistence_0.95,fiscal_resources_deviation_linear,0.5,-0.0001102058712236156
output_neutral_automation_positive,automation_persistence_0.95,fiscal_resources_deviation_linear,1.0,-9.919477585017715e-05
output_neutral_automation_positive,automation_persistence_0.95,fiscal_resources_deviation_linear,2.0,-7.922884223671836e-05
output_neutral_automation_positive,automation_persistence_0.95,fiscal_resources_deviation_linear,3.0,-6.13091579229485e-05
output_neutral_automation_positive,automation_persistence_0.95,fiscal_resources_deviation_linear,5.0,-2.9339903867952e-05
output_neutral_automation_positive,automation_persistence_0.95,fiscal_resources_deviation_linear,7.5,6.460817726927772e-06
output_neutral_automation_positive,automation_persistence_0.95,fiscal_resources_deviation_linear,10.0,3.9156956785828363e-05
output_neutral_automation_positive,automation_persistence_0.95,fiscal_resources_deviation_linear,15.0,9.390987965404149e-05
output_neutral_automation_positive,automation_persistence_0.95,fiscal_resources_deviation_linear,20.0,0.00012968752697832913
output_neutral_automation_positive,automation_persistence_0.95,fiscal_resources_deviation_linear,30.0,0.00014188438954105875
output_neutral_automation_positive,automation_persistence_0.95,fiscal_resources_deviation_linear,40.0,0.00010654546657820034
output_neutral_automation_positive,automation_persistence_0.50,claim_loading_state_functional,0.0,0.0020278121255176596
output_neutral_automation_positive,automation_persistence_0.50,claim_loading_state_functional,0.25,0.0016280198118998155
output_neutral_automation_positive,automation_persistence_0.50,claim_loading_state_functional,0.5,0.0012957954921958956
output_neutral_automation_positive,automation_persistence_0.50,claim_loading_state_functional,1.0,0.0007919899881057243
output_neutral_automation_positive,automation_persistence_0.50,claim_loading_state_functional,2.0,0.0002162429735838474
output_neutral_automation_positive,automation_persistence_0.50,claim_loading_state_functional,3.0,-3.747764978797814e-05
output_neutral_automation_positive,automation_persistence_0.50,claim_loading_state_functional,5.0,-0.00016386465627191453
output_neutral_automation_positive,automation_persistence_0.50,claim_loading_state_functional,7.5,-0.00013223209591213444
output_neutral_automation_positive,automation_persistence_0.50,claim_loading_state_functional,10.0,-8.435229226808341e-05
output_neutral_automation_positive,automation_persistence_0.50,claim_loading_state_functional,15.0,-3.026233254725947e-05
output_neutral_automation_positive,automation_persistence_0.50,claim_loading_state_functional,20.0,-1.0578401245752286e-05
output_neutral_automation_positive,automation_persistence_0.50,claim_loading_state_functional,30.0,-1.2864021927197612e-06
output_neutral_automation_positive,automation_persistence_0.50,claim_loading_state_functional,40.0,-1.5639678321128697e-07
output_neutral_automation_positive,automation_persistence_0.81,claim_loading_state_functional,0.0,0.0020278121255176596
output_neutral_automation_positive,automation_persistence_0.81,claim_loading_state_functional,0.25,0.001923751495062916
output_neutral_automation_positive,automation_persistence_0.81,claim_loading_state_functional,0.5,0.001825030912965894
output_neutral_automation_positive,automation_persistence_0.81,claim_loading_state_functional,1.0,0.0016425278216693044
output_neutral_automation_positive,automation_persistence_0.81,claim_loading_state_functional,2.0,0.0013304475355521367
output_neutral_automation_positive,automation_persistence_0.81,claim_loading_state_functional,3.0,0.0010776625037972301
output_neutral_automation_positive,automation_persistence_0.81,claim_loading_state_functional,5.0,0.0007070543687413635
output_neutral_automation_positive,automation_persistence_0.81,claim_loading_state_functional,7.5,0.00041750853419808727
output_neutral_automation_positive,automation_persistence_0.81,claim_loading_state_functional,10.0,0.00024653461435862915
output_neutral_automation_positive,automation_persistence_0.81,claim_loading_state_functional,15.0,8.596130476522162e-05
output_neutral_automation_positive,automation_persistence_0.81,claim_loading_state_functional,20.0,2.9972853654498347e-05
output_neutral_automation_positive,automation_persistence_0.81,claim_loading_state_functional,30.0,3.643999275846603e-06
output_neutral_automation_positive,automation_persistence_0.81,claim_loading_state_functional,40.0,4.430252412879264e-07
output_neutral_automation_positive,automation_persistence_0.95,claim_loading_state_functional,0.0,0.0020278121255176596
output_neutral_automation_positive,automation_persistence_0.95,claim_loading_state_functional,0.25,0.002029589259210535
output_neutral_automation_positive,automation_persistence_0.95,claim_loading_state_functional,0.5,0.0020299266691437483
output_neutral_automation_positive,automation_persistence_0.95,claim_loading_state_functional,1.0,0.00202664168198834
output_neutral_automation_positive,automation_persistence_0.95,claim_loading_state_functional,2.0,0.0020064879297136393
output_neutral_automation_positive,automation_persistence_0.95,claim_loading_state_functional,3.0,0.0019719179820059775
output_neutral_automation_positive,automation_persistence_0.95,claim_loading_state_functional,5.0,0.0018733955209383412
output_neutral_automation_positive,automation_persistence_0.95,claim_loading_state_functional,7.5,0.0017201041224931496
output_neutral_automation_positive,automation_persistence_0.95,claim_loading_state_functional,10.0,0.0015557051781229143
output_neutral_automation_positive,automation_persistence_0.95,claim_loading_state_functional,15.0,0.0012407723863375733
output_neutral_automation_positive,automation_persistence_0.95,claim_loading_state_functional,20.0,0.0009729862073746209
output_neutral_automation_positive,automation_persistence_0.95,claim_loading_state_functional,30.0,0.0005876116251965235
output_neutral_automation_positive,automation_persistence_0.95,claim_loading_state_functional,40.0,0.00035243860718676544
primary_resource_neutral_automation_positive,automation_persistence_0.50,output_deviation_linear,0.0,0.00016026836941149944
primary_resource_neutral_automation_positive,automation_persistence_0.50,output_deviation_linear,0.25,0.00012666062501981635
primary_resource_neutral_automation_positive,automation_persistence_0.50,output_deviation_linear,0.5,9.896657984665776e-05
primary_resource_neutral_automation_positive,automation_persistence_0.50,output_deviation_linear,1.0,5.7579946188511465e-05
primary_resource_neutral_automation_positive,automation_persistence_0.50,output_deviation_linear,2.0,1.2117265780284409e-05
primary_resource_neutral_automation_positive,automation_persistence_0.50,output_deviation_linear,3.0,-6.031085564645697e-06
primary_resource_neutral_automation_positive,automation_persistence_0.50,output_deviation_linear,5.0,-1.1623136612824228e-05
primary_resource_neutral_automation_positive,automation_persistence_0.50,output_deviation_linear,7.5,-5.8643775184681374e-06
primary_resource_neutral_automation_positive,automation_persistence_0.50,output_deviation_linear,10.0,-1.2765473531836502e-06
primary_resource_neutral_automation_positive,automation_persistence_0.50,output_deviation_linear,15.0,1.1438238774005234e-06
primary_resource_neutral_automation_positive,automation_persistence_0.50,output_deviation_linear,20.0,6.319977096930317e-08
primary_resource_neutral_automation_positive,automation_persistence_0.50,output_deviation_linear,30.0,-1.7715971712882797e-06
primary_resource_neutral_automation_positive,automation_persistence_0.50,output_deviation_linear,40.0,-1.4491163119648036e-06
primary_resource_neutral_automation_positive,automation_persistence_0.81,output_deviation_linear,0.0,0.00016026836941149944
primary_resource_neutral_automation_positive,automation_persistence_0.81,output_deviation_linear,0.25,0.0001567742198846769
primary_resource_neutral_automation_positive,automation_persistence_0.81,output_deviation_linear,0.5,0.00015351672069257785
primary_resource_neutral_automation_positive,automation_persistence_0.81,output_deviation_linear,1.0,0.00014764164437534302
primary_resource_neutral_automation_positive,automation_persistence_0.81,output_deviation_linear,2.0,0.00013801855021869057
primary_resource_neutral_automation_positive,automation_persistence_0.81,output_deviation_linear,3.0,0.00013053978042934752
primary_resource_neutral_automation_positive,automation_persistence_0.81,output_deviation_linear,5.0,0.00011953988854505742
primary_resource_neutral_automation_positive,automation_persistence_0.81,output_deviation_linear,7.5,0.00010914106299753962
primary_resource_neutral_automation_positive,automation_persistence_0.81,output_deviation_linear,10.0,9.937966259189052e-05
primary_resource_neutral_automation_positive,automation_persistence_0.81,output_deviation_linear,15.0,7.782918030346438e-05
primary_resource_neutral_automation_positive,automation_persistence_0.81,output_deviation_linear,20.0,5.474425541518105e-05
primary_resource_neutral_automation_positive,automation_persistence_0.81,output_deviation_linear,30.0,1.747672763174598e-05
primary_resource_neutral_automation_positive,automation_persistence_0.81,output_deviation_linear,40.0,-2.6244646504476254e-08
primary_resource_neutral_automation_positive,automation_persistence_0.95,output_deviation_linear,0.0,0.00016026836941149944
primary_resource_neutral_automation_positive,automation_persistence_0.95,output_deviation_linear,0.25,0.00016758042760370593
primary_resource_neutral_automation_positive,automation_persistence_0.95,output_deviation_linear,0.5,0.00017473707999157243
primary_resource_neutral_automation_positive,automation_persistence_0.95,output_deviation_linear,1.0,0.00018859900223592712
primary_resource_neutral_automation_positive,automation_persistence_0.95,output_deviation_linear,2.0,0.00021460083699339306
primary_resource_neutral_automation_positive,automation_persistence_0.95,output_deviation_linear,3.0,0.0002384228920057882
primary_resource_neutral_automation_positive,automation_persistence_0.95,output_deviation_linear,5.0,0.00027985288275035966
primary_resource_neutral_automation_positive,automation_persistence_0.95,output_deviation_linear,7.5,0.0003203724630139731
primary_resource_neutral_automation_positive,automation_persistence_0.95,output_deviation_linear,10.0,0.0003487027140001031
primary_resource_neutral_automation_positive,automation_persistence_0.95,output_deviation_linear,15.0,0.0003713082950383521
primary_resource_neutral_automation_positive,automation_persistence_0.95,output_deviation_linear,20.0,0.0003563590729718517
primary_resource_neutral_automation_positive,automation_persistence_0.95,output_deviation_linear,30.0,0.00026438161240532605
primary_resource_neutral_automation_positive,automation_persistence_0.95,output_deviation_linear,40.0,0.00016088366882487527
primary_resource_neutral_automation_positive,automation_persistence_0.50,wage_income_deviation_linear,0.0,-0.00016026836941149944
primary_resource_neutral_automation_positive,automation_persistence_0.50,wage_income_deviation_linear,0.25,-0.00014012068903262317
primary_resource_neutral_automation_positive,automation_persistence_0.50,wage_income_deviation_linear,0.5,-0.00012280462966337183
primary_resource_neutral_automation_positive,automation_persistence_0.50,wage_income_deviation_linear,1.0,-9.501998212712697e-05
primary_resource_neutral_automation_positive,automation_persistence_0.50,wage_income_deviation_linear,2.0,-5.851397789078455e-05
primary_resource_neutral_automation_positive,automation_persistence_0.50,wage_income_deviation_linear,3.0,-3.7236203125552423e-05
primary_resource_neutral_automation_positive,automation_persistence_0.50,wage_income_deviation_linear,5.0,-1.5985191827686945e-05
primary_resource_neutral_automation_positive,automation_persistence_0.50,wage_income_deviation_linear,7.5,-5.340196758768456e-06
primary_resource_neutral_automation_positive,automation_persistence_0.50,wage_income_deviation_linear,10.0,-1.1023313050769722e-06
primary_resource_neutral_automation_positive,automation_persistence_0.50,wage_income_deviation_linear,15.0,7.468046949601043e-07
primary_resource_neutral_automation_positive,automation_persistence_0.50,wage_income_deviation_linear,20.0,4.145812808585737e-08
primary_resource_neutral_automation_positive,automation_persistence_0.50,wage_income_deviation_linear,30.0,-1.1692543808244382e-06
primary_resource_neutral_automation_positive,automation_persistence_0.50,wage_income_deviation_linear,40.0,-9.564167661387373e-07
primary_resource_neutral_automation_positive,automation_persistence_0.81,wage_income_deviation_linear,0.0,-0.00016026836941149944
primary_resource_neutral_automation_positive,automation_persistence_0.81,wage_income_deviation_linear,0.25,-0.000148921930818469
primary_resource_neutral_automation_positive,automation_persistence_0.81,wage_income_deviation_linear,0.5,-0.00013811990824367878
primary_resource_neutral_automation_positive,automation_persistence_0.81,wage_income_deviation_linear,1.0,-0.00011805336422297577
primary_resource_neutral_automation_positive,automation_persistence_0.81,wage_income_deviation_linear,2.0,-8.346020495933298e-05
primary_resource_neutral_automation_positive,automation_persistence_0.81,wage_income_deviation_linear,3.0,-5.5231227880602335e-05
primary_resource_neutral_automation_positive,automation_persistence_0.81,wage_income_deviation_linear,5.0,-1.3868001132923926e-05
primary_resource_neutral_automation_positive,automation_persistence_0.81,wage_income_deviation_linear,7.5,1.7256693789995027e-05
primary_resource_neutral_automation_positive,automation_persistence_0.81,wage_income_deviation_linear,10.0,3.324565627568647e-05
primary_resource_neutral_automation_positive,automation_persistence_0.81,wage_income_deviation_linear,15.0,4.008928238865854e-05
primary_resource_neutral_automation_positive,automation_persistence_0.81,wage_income_deviation_linear,20.0,3.2198821281592754e-05
primary_resource_neutral_automation_positive,automation_persistence_0.81,wage_income_deviation_linear,30.0,1.105655374538464e-05
primary_resource_neutral_automation_positive,automation_persistence_0.81,wage_income_deviation_linear,40.0,-7.544562294269935e-08
primary_resource_neutral_automation_positive,automation_persistence_0.95,wage_income_deviation_linear,0.0,-0.00016026836941149944
primary_resource_neutral_automation_positive,automation_persistence_0.95,wage_income_deviation_linear,0.25,-0.0001520526042985653
primary_resource_neutral_automation_positive,automation_persistence_0.95,wage_income_deviation_linear,0.5,-0.0001439825980864338
primary_resource_neutral_automation_positive,automation_persistence_0.95,wage_income_deviation_linear,1.0,-0.0001282678770862227
primary_resource_neutral_automation_positive,automation_persistence_0.95,wage_income_deviation_linear,2.0,-9.846950521819844e-05
primary_resource_neutral_automation_positive,automation_persistence_0.95,wage_income_deviation_linear,3.0,-7.074164602832574e-05
primary_resource_neutral_automation_positive,automation_persistence_0.95,wage_income_deviation_linear,5.0,-2.1158028548574322e-05
primary_resource_neutral_automation_positive,automation_persistence_0.95,wage_income_deviation_linear,7.5,3.0360630177691833e-05
primary_resource_neutral_automation_positive,automation_persistence_0.95,wage_income_deviation_linear,10.0,7.08525269295109e-05
primary_resource_neutral_automation_positive,automation_persistence_0.95,wage_income_deviation_linear,15.0,0.00012180693089152916
primary_resource_neutral_automation_positive,automation_persistence_0.95,wage_income_deviation_linear,20.0,0.00013982342412070757
primary_resource_neutral_automation_positive,automation_persistence_0.95,wage_income_deviation_linear,30.0,0.00011738818836952225
primary_resource_neutral_automation_positive,automation_persistence_0.95,wage_income_deviation_linear,40.0,7.199314134589198e-05
primary_resource_neutral_automation_positive,automation_persistence_0.50,fiscal_resources_deviation_linear,0.0,3.681335923026183e-20
primary_resource_neutral_automation_positive,automation_persistence_0.50,fiscal_resources_deviation_linear,0.25,-9.281691193429547e-06
primary_resource_neutral_automation_positive,automation_persistence_0.50,fiscal_resources_deviation_linear,0.5,-1.6447194253163888e-05
primary_resource_neutral_automation_positive,automation_persistence_0.50,fiscal_resources_deviation_linear,1.0,-2.5855696997072392e-05
primary_resource_neutral_automation_positive,automation_persistence_0.50,fiscal_resources_deviation_linear,2.0,-3.20600125634554e-05
primary_resource_neutral_automation_positive,automation_persistence_0.50,fiscal_resources_deviation_linear,3.0,-2.9826326204442614e-05
primary_resource_neutral_automation_positive,automation_persistence_0.50,fiscal_resources_deviation_linear,5.0,-1.8544148425503744e-05
primary_resource_neutral_automation_positive,automation_persistence_0.50,fiscal_resources_deviation_linear,7.5,-6.26730607184986e-06
primary_resource_neutral_automation_positive,automation_persistence_0.50,fiscal_resources_deviation_linear,10.0,8.12227755209109e-07
primary_resource_neutral_automation_positive,automation_persistence_0.50,fiscal_resources_deviation_linear,15.0,5.0379940445751784e-06
primary_resource_neutral_automation_positive,automation_persistence_0.50,fiscal_resources_deviation_linear,20.0,3.9547327703204255e-06
primary_resource_neutral_automation_positive,automation_persistence_0.50,fiscal_resources_deviation_linear,30.0,3.2828856378371714e-07
primary_resource_neutral_automation_positive,automation_persistence_0.50,fiscal_resources_deviation_linear,40.0,-9.065600180972881e-07
primary_resource_neutral_automation_positive,automation_persistence_0.81,fiscal_resources_deviation_linear,0.0,3.681335923026183e-20
primary_resource_neutral_automation_positive,automation_persistence_0.81,fiscal_resources_deviation_linear,0.25,-1.2067942889849526e-06
primary_resource_neutral_automation_positive,automation_persistence_0.81,fiscal_resources_deviation_linear,0.5,-2.151970119827298e-06
primary_resource_neutral_automation_positive,automation_persistence_0.81,fiscal_resources_deviation_linear,1.0,-3.33687796407121e-06
primary_resource_neutral_automation_positive,automation_persistence_0.81,fiscal_resources_deviation_linear,2.0,-3.3799575932646563e-06
primary_resource_neutral_automation_positive,automation_persistence_0.81,fiscal_resources_deviation_linear,3.0,-1.1227784732418296e-06
primary_resource_neutral_automation_positive,automation_persistence_0.81,fiscal_resources_deviation_linear,5.0,7.354057705783031e-06
primary_resource_neutral_automation_positive,automation_persistence_0.81,fiscal_resources_deviation_linear,7.5,2.035339787758783e-05
primary_resource_neutral_automation_positive,automation_persistence_0.81,fiscal_resources_deviation_linear,10.0,3.196002435054221e-05
primary_resource_neutral_automation_positive,automation_persistence_0.81,fiscal_resources_deviation_linear,15.0,4.486630105588643e-05
primary_resource_neutral_automation_positive,automation_persistence_0.81,fiscal_resources_deviation_linear,20.0,4.4530730279244814e-05
primary_resource_neutral_automation_positive,automation_persistence_0.81,fiscal_resources_deviation_linear,30.0,2.5375872116155087e-05
primary_resource_neutral_automation_positive,automation_persistence_0.81,fiscal_resources_deviation_linear,40.0,7.43546372148672e-06
primary_resource_neutral_automation_positive,automation_persistence_0.95,fiscal_resources_deviation_linear,0.0,3.681335923026183e-20
primary_resource_neutral_automation_positive,automation_persistence_0.95,fiscal_resources_deviation_linear,0.25,-4.344250249652539e-07
primary_resource_neutral_automation_positive,automation_persistence_0.95,fiscal_resources_deviation_linear,0.5,-7.298494950891032e-07
primary_resource_neutral_automation_positive,automation_persistence_0.95,fiscal_resources_deviation_linear,1.0,-9.052249398512618e-07
primary_resource_neutral_automation_positive,automation_persistence_0.95,fiscal_resources_deviation_linear,2.0,3.708874236547015e-07
primary_resource_neutral_automation_positive,automation_persistence_0.95,fiscal_resources_deviation_linear,3.0,3.6980912588258546e-06
primary_resource_neutral_automation_positive,automation_persistence_0.95,fiscal_resources_deviation_linear,5.0,1.56624843728305e-05
primary_resource_neutral_automation_positive,automation_persistence_0.95,fiscal_resources_deviation_linear,7.5,3.788823295027192e-05
primary_resource_neutral_automation_positive,automation_persistence_0.95,fiscal_resources_deviation_linear,10.0,6.42725661325041e-05
primary_resource_neutral_automation_positive,automation_persistence_0.95,fiscal_resources_deviation_linear,15.0,0.00011559401709641546
primary_resource_neutral_automation_positive,automation_persistence_0.95,fiscal_resources_deviation_linear,20.0,0.0001508488534469921
primary_resource_neutral_automation_positive,automation_persistence_0.95,fiscal_resources_deviation_linear,30.0,0.0001591555400312928
primary_resource_neutral_automation_positive,automation_persistence_0.95,fiscal_resources_deviation_linear,40.0,0.00011738906205609386
primary_resource_neutral_automation_positive,automation_persistence_0.50,claim_loading_state_functional,0.0,0.0026621455504686263
primary_resource_neutral_automation_positive,automation_persistence_0.50,claim_loading_state_functional,0.25,0.0022032925907977787
primary_resource_neutral_automation_positive,automation_persistence_0.50,claim_loading_state_functional,0.5,0.0018192560592460718
primary_resource_neutral_automation_positive,automation_persistence_0.50,claim_loading_state_functional,1.0,0.0012295596954113132
primary_resource_neutral_automation_positive,automation_persistence_0.50,claim_loading_state_functional,2.0,0.0005325542530490276
primary_resource_neutral_automation_positive,automation_persistence_0.50,claim_loading_state_functional,3.0,0.0001996743948526442
primary_resource_neutral_automation_positive,automation_persistence_0.50,claim_loading_state_functional,5.0,-2.075355986384457e-05
primary_resource_neutral_automation_positive,automation_persistence_0.50,claim_loading_state_functional,7.5,-5.090602682638566e-05
primary_resource_neutral_automation_positive,automation_persistence_0.50,claim_loading_state_functional,10.0,-3.689214130861489e-05
primary_resource_neutral_automation_positive,automation_persistence_0.50,claim_loading_state_functional,15.0,-1.379023873433576e-05
primary_resource_neutral_automation_positive,automation_persistence_0.50,claim_loading_state_functional,20.0,-4.837319694585395e-06
primary_resource_neutral_automation_positive,automation_persistence_0.50,claim_loading_state_functional,30.0,-5.88448989962924e-07
primary_resource_neutral_automation_positive,automation_persistence_0.50,claim_loading_state_functional,40.0,-7.154199538235103e-08
primary_resource_neutral_automation_positive,automation_persistence_0.81,claim_loading_state_functional,0.0,0.0026621455504686263
primary_resource_neutral_automation_positive,automation_persistence_0.81,claim_loading_state_functional,0.25,0.002525533020709077
primary_resource_neutral_automation_positive,automation_persistence_0.81,claim_loading_state_functional,0.5,0.002395930995421764
primary_resource_neutral_automation_positive,automation_persistence_0.81,claim_loading_state_functional,1.0,0.0021563378958795875
primary_resource_neutral_automation_positive,automation_persistence_0.81,claim_loading_state_functional,2.0,0.001746633695662466
primary_resource_neutral_automation_positive,automation_persistence_0.81,claim_loading_state_functional,3.0,0.0014147732934865968
primary_resource_neutral_automation_positive,automation_persistence_0.81,claim_loading_state_functional,5.0,0.0009282327578565572
primary_resource_neutral_automation_positive,automation_persistence_0.81,claim_loading_state_functional,7.5,0.000548112161186718
primary_resource_neutral_automation_positive,automation_persistence_0.81,claim_loading_state_functional,10.0,0.0003236547500591459
primary_resource_neutral_automation_positive,automation_persistence_0.81,claim_loading_state_functional,15.0,0.00011285143338157804
primary_resource_neutral_automation_positive,automation_persistence_0.81,claim_loading_state_functional,20.0,3.934886175453794e-05
primary_resource_neutral_automation_positive,automation_persistence_0.81,claim_loading_state_functional,30.0,4.783902974063489e-06
primary_resource_neutral_automation_positive,automation_persistence_0.81,claim_loading_state_functional,40.0,5.816109194725553e-07
primary_resource_neutral_automation_positive,automation_persistence_0.95,claim_loading_state_functional,0.0,0.0026621455504686263
primary_resource_neutral_automation_positive,automation_persistence_0.95,claim_loading_state_functional,0.25,0.0026408578525126745
primary_resource_neutral_automation_positive,automation_persistence_0.95,claim_loading_state_functional,0.5,0.002619193162841743
primary_resource_neutral_automation_positive,automation_persistence_0.95,claim_loading_state_functional,1.0,0.002574882889639453
primary_resource_neutral_automation_positive,automation_persistence_0.95,claim_loading_state_functional,2.0,0.002483272884679829
primary_resource_neutral_automation_positive,automation_persistence_0.95,claim_loading_state_functional,3.0,0.0023891878934589397
primary_resource_neutral_automation_positive,automation_persistence_0.95,claim_loading_state_functional,5.0,0.002199122201582173
primary_resource_neutral_automation_positive,automation_persistence_0.95,claim_loading_state_functional,7.5,0.0019674695931777408
primary_resource_neutral_automation_positive,automation_persistence_0.95,claim_loading_state_functional,10.0,0.0017501765240618093
primary_resource_neutral_automation_positive,automation_persistence_0.95,claim_loading_state_functional,15.0,0.001371177275956153
primary_resource_neutral_automation_positive,automation_persistence_0.95,claim_loading_state_functional,20.0,0.001066891887461643
primary_resource_neutral_automation_positive,automation_persistence_0.95,claim_loading_state_functional,30.0,0.0006410971204766198
primary_resource_neutral_automation_positive,automation_persistence_0.95,claim_loading_state_functional,40.0,0.00038412931348481247
pure_automation_positive,automation_persistence_0.50,output_deviation_linear,0.0,0.00028194050736123945
pure_automation_positive,automation_persistence_0.50,output_deviation_linear,0.25,0.00024215840757085174
pure_automation_positive,automation_persistence_0.50,output_deviation_linear,0.5,0.00020870060012737892
pure_automation_positive,automation_persistence_0.50,output_deviation_linear,1.0,0.0001568797457986102
pure_automation_positive,automation_persistence_0.50,output_deviation_linear,2.0,9.415056602189851e-05
pure_automation_positive,automation_persistence_0.50,output_deviation_linear,3.0,6.244187196701128e-05
pure_automation_positive,automation_persistence_0.50,output_deviation_linear,5.0,3.739875169753727e-05
pure_automation_positive,automation_persistence_0.50,output_deviation_linear,7.5,2.7943566266791158e-05
pure_automation_positive,automation_persistence_0.50,output_deviation_linear,10.0,2.311763600797335e-05
pure_automation_positive,automation_persistence_0.50,output_deviation_linear,15.0,1.5103240887587805e-05
pure_automation_positive,automation_persistence_0.50,output_deviation_linear,20.0,8.389603098810813e-06
pure_automation_positive,automation_persistence_0.50,output_deviation_linear,30.0,5.625065025707475e-07
pure_automation_positive,automation_persistence_0.50,output_deviation_linear,40.0,-1.460887303622493e-06
pure_automation_positive,automation_persistence_0.81,output_deviation_linear,0.0,0.00028194050736123945
pure_automation_positive,automation_persistence_0.81,output_deviation_linear,0.25,0.0002728941521539503
pure_automation_positive,automation_persistence_0.81,output_deviation_linear,0.5,0.0002643777520428654
pure_automation_positive,automation_persistence_0.81,output_deviation_linear,1.0,0.00024880212718857413
pure_automation_positive,automation_persistence_0.81,output_deviation_linear,2.0,0.0002226529829053243
pure_automation_positive,automation_persistence_0.81,output_deviation_linear,3.0,0.00020183430497015752
pure_automation_positive,automation_persistence_0.81,output_deviation_linear,5.0,0.00017127161736139087
pure_automation_positive,automation_persistence_0.81,output_deviation_linear,7.5,0.00014532503006178547
pure_automation_positive,automation_persistence_0.81,output_deviation_linear,10.0,0.00012585341277119964
pure_automation_positive,automation_persistence_0.81,output_deviation_linear,15.0,9.33729240307894e-05
pure_automation_positive,automation_persistence_0.81,output_deviation_linear,20.0,6.420037452470441e-05
pure_automation_positive,automation_persistence_0.81,output_deviation_linear,30.0,2.020850351666129e-05
pure_automation_positive,automation_persistence_0.81,output_deviation_linear,40.0,-8.618974969756232e-09
pure_automation_positive,automation_persistence_0.95,output_deviation_linear,0.0,0.00028194050736123945
pure_automation_positive,automation_persistence_0.95,output_deviation_linear,0.25,0.00028392361714657245
pure_automation_positive,automation_persistence_0.95,output_deviation_linear,0.5,0.00028603652597213
pure_automation_positive,automation_persistence_0.95,output_deviation_linear,1.0,0.0002906056679365581
pure_automation_positive,automation_persistence_0.95,output_deviation_linear,2.0,0.0003008174669684184
pure_automation_positive,automation_persistence_0.95,output_deviation_linear,3.0,0.00031194629183601934
pure_automation_positive,automation_persistence_0.95,output_deviation_linear,5.0,0.00033489669319036915
pure_automation_positive,automation_persistence_0.95,output_deviation_linear,7.5,0.0003609204907821306
pure_automation_positive,automation_persistence_0.95,output_deviation_linear,10.0,0.00038032750200402203
pure_automation_positive,automation_persistence_0.95,output_deviation_linear,15.0,0.0003929153450351695
pure_automation_positive,automation_persistence_0.95,output_deviation_linear,20.0,0.0003720465827406907
pure_automation_positive,automation_persistence_0.95,output_deviation_linear,30.0,0.00027221446656345454
pure_automation_positive,automation_persistence_0.95,output_deviation_linear,40.0,0.00016422570852858345
pure_automation_positive,automation_persistence_0.50,wage_income_deviation_linear,0.0,-8.546128341888819e-05
pure_automation_positive,automation_persistence_0.50,wage_income_deviation_linear,0.25,-6.851416076338328e-05
pure_automation_positive,automation_persistence_0.50,wage_income_deviation_linear,0.5,-5.4266806416894556e-05
pure_automation_positive,automation_persistence_0.50,wage_income_deviation_linear,1.0,-3.223037691157037e-05
pure_automation_positive,automation_persistence_0.50,wage_income_deviation_linear,2.0,-5.746130994873529e-06
pure_automation_positive,automation_persistence_0.50,wage_income_deviation_linear,3.0,7.268883213564053e-06
pure_automation_positive,automation_persistence_0.50,wage_income_deviation_linear,5.0,1.619748804920733e-05
pure_automation_positive,automation_persistence_0.50,wage_income_deviation_linear,7.5,1.6942681841543318e-05
pure_automation_positive,automation_persistence_0.50,wage_income_deviation_linear,10.0,1.4992462013038387e-05
pure_automation_positive,automation_persistence_0.50,wage_income_deviation_linear,15.0,9.959852181050953e-06
pure_automation_positive,automation_persistence_0.50,wage_income_deviation_linear,20.0,5.53687908256648e-06
pure_automation_positive,automation_persistence_0.50,wage_income_deviation_linear,30.0,3.7125403880348177e-07
pure_automation_positive,automation_persistence_0.50,wage_income_deviation_linear,40.0,-9.641856206378113e-07
pure_automation_positive,automation_persistence_0.81,wage_income_deviation_linear,0.0,-8.546128341888819e-05
pure_automation_positive,automation_persistence_0.81,wage_income_deviation_linear,0.25,-7.749723703700052e-05
pure_automation_positive,automation_persistence_0.81,wage_income_deviation_linear,0.5,-6.989850010128441e-05
pure_automation_positive,automation_persistence_0.81,wage_income_deviation_linear,1.0,-5.573963086015914e-05
pure_automation_positive,automation_persistence_0.81,wage_income_deviation_linear,2.0,-3.120774947422661e-05
pure_automation_positive,automation_persistence_0.81,wage_income_deviation_linear,3.0,-1.1097920455005949e-05
pure_automation_positive,automation_persistence_0.81,wage_income_deviation_linear,5.0,1.8358420103981146e-05
pure_automation_positive,automation_persistence_0.81,wage_income_deviation_linear,7.5,4.0006426286397914e-05
pure_automation_positive,automation_persistence_0.81,wage_income_deviation_linear,10.0,5.005008226606553e-05
pure_automation_positive,automation_persistence_0.81,wage_income_deviation_linear,15.0,5.011514918515605e-05
pure_automation_positive,automation_persistence_0.81,wage_income_deviation_linear,20.0,3.8358616400467114e-05
pure_automation_positive,automation_persistence_0.81,wage_income_deviation_linear,30.0,1.2849648517292577e-05
pure_automation_positive,automation_persistence_0.81,wage_income_deviation_linear,40.0,-6.501353029564603e-08
pure_automation_positive,automation_persistence_0.95,wage_income_deviation_linear,0.0,-8.546128341888819e-05
pure_automation_positive,automation_persistence_0.95,wage_income_deviation_linear,0.25,-8.069259052731407e-05
pure_automation_positive,automation_persistence_0.95,wage_income_deviation_linear,0.5,-7.588231367072023e-05
pure_automation_positive,automation_persistence_0.95,wage_income_deviation_linear,1.0,-6.616517652531257e-05
pure_automation_positive,automation_persistence_0.95,wage_income_deviation_linear,2.0,-4.652714329611268e-05
pure_automation_positive,automation_persistence_0.95,wage_income_deviation_linear,3.0,-2.692878530873261e-05
pure_automation_positive,automation_persistence_0.95,wage_income_deviation_linear,5.0,1.091778003238756e-05
pure_automation_positive,automation_persistence_0.95,wage_income_deviation_linear,7.5,5.338109123931587e-05
pure_automation_positive,automation_persistence_0.95,wage_income_deviation_linear,10.0,8.843391442468837e-05
pure_automation_positive,automation_persistence_0.95,wage_income_deviation_linear,15.0,0.00013352109203545654
pure_automation_positive,automation_persistence_0.95,wage_income_deviation_linear,20.0,0.00014820675371403862
pure_automation_positive,automation_persistence_0.95,wage_income_deviation_linear,30.0,0.0001213781047702685
pure_automation_positive,automation_persistence_0.95,wage_income_deviation_linear,40.0,7.349251726200782e-05
pure_automation_positive,automation_persistence_0.50,fiscal_resources_deviation_linear,0.0,9.823961197117563e-05
pure_automation_positive,automation_persistence_0.50,fiscal_resources_deviation_linear,0.25,8.357331671544193e-05
pure_automation_positive,automation_persistence_0.50,fiscal_resources_deviation_linear,0.5,7.13584804804677e-05
pure_automation_positive,automation_persistence_0.50,fiscal_resources_deviation_linear,1.0,5.276526934379694e-05
pure_automation_positive,automation_persistence_0.50,fiscal_resources_deviation_linear,2.0,3.1308287189184284e-05
pure_automation_positive,automation_persistence_0.50,fiscal_resources_deviation_linear,3.0,2.1625054157417822e-05
pure_automation_positive,automation_persistence_0.50,fiscal_resources_deviation_linear,5.0,1.6250049290746718e-05
pure_automation_positive,automation_persistence_0.50,fiscal_resources_deviation_linear,7.5,1.6385203233142842e-05
pure_automation_positive,automation_persistence_0.50,fiscal_resources_deviation_linear,10.0,1.67851675832978e-05
pure_automation_positive,automation_persistence_0.50,fiscal_resources_deviation_linear,15.0,1.4939442841426564e-05
pure_automation_positive,automation_persistence_0.50,fiscal_resources_deviation_linear,20.0,1.1079248326231955e-05
pure_automation_positive,automation_persistence_0.50,fiscal_resources_deviation_linear,30.0,3.697497525446964e-06
pure_automation_positive,automation_persistence_0.50,fiscal_resources_deviation_linear,40.0,2.9680493877878522e-08
pure_automation_positive,automation_persistence_0.81,fiscal_resources_deviation_linear,0.0,9.823961197117563e-05
pure_automation_positive,automation_persistence_0.81,fiscal_resources_deviation_linear,0.25,9.181504175370603e-05
pure_automation_positive,automation_persistence_0.81,fiscal_resources_deviation_linear,0.5,8.594904529652974e-05
pure_automation_positive,automation_persistence_0.81,fiscal_resources_deviation_linear,1.0,7.574932930798912e-05
pure_automation_positive,automation_persistence_0.81,fiscal_resources_deviation_linear,2.0,6.058087480779615e-05
pure_automation_positive,automation_persistence_0.81,fiscal_resources_deviation_linear,3.0,5.092161989970425e-05
pure_automation_positive,automation_persistence_0.81,fiscal_resources_deviation_linear,5.0,4.26833148103184e-05
pure_automation_positive,automation_persistence_0.81,fiscal_resources_deviation_linear,7.5,4.355589344412673e-05
pure_automation_positive,automation_persistence_0.81,fiscal_resources_deviation_linear,10.0,4.857648060244177e-05
pure_automation_positive,automation_persistence_0.81,fiscal_resources_deviation_linear,15.0,5.559060644279911e-05
pure_automation_positive,automation_persistence_0.81,fiscal_resources_deviation_linear,20.0,5.2493549781619516e-05
pure_automation_positive,automation_persistence_0.81,fiscal_resources_deviation_linear,30.0,2.9262566523165675e-05
pure_automation_positive,automation_persistence_0.81,fiscal_resources_deviation_linear,40.0,8.544051232961888e-06
pure_automation_positive,automation_persistence_0.95,fiscal_resources_deviation_linear,0.0,9.823961197117563e-05
pure_automation_positive,automation_persistence_0.95,fiscal_resources_deviation_linear,0.25,9.260336823977584e-05
pure_automation_positive,automation_persistence_0.95,fiscal_resources_deviation_linear,0.5,8.740054706788798e-05
pure_automation_positive,automation_persistence_0.95,fiscal_resources_deviation_linear,1.0,7.823122051369022e-05
pure_automation_positive,automation_persistence_0.95,fiscal_resources_deviation_linear,2.0,6.440921263754317e-05
pure_automation_positive,automation_persistence_0.95,fiscal_resources_deviation_linear,3.0,5.5842089256424095e-05
pure_automation_positive,automation_persistence_0.95,fiscal_resources_deviation_linear,5.0,5.1163394358169436e-05
pure_automation_positive,automation_persistence_0.95,fiscal_resources_deviation_linear,7.5,6.145299986796562e-05
pure_automation_positive,automation_persistence_0.95,fiscal_resources_deviation_linear,10.0,8.155660255393904e-05
pure_automation_positive,automation_persistence_0.95,fiscal_resources_deviation_linear,15.0,0.00012777956378659026
pure_automation_positive,automation_persistence_0.95,fiscal_resources_deviation_linear,20.0,0.0001610082154302381
pure_automation_positive,automation_persistence_0.95,fiscal_resources_deviation_linear,30.0,0.00016580613503113854
pure_automation_positive,automation_persistence_0.95,fiscal_resources_deviation_linear,40.0,0.00012076930130925335
pure_automation_positive,automation_persistence_0.50,claim_loading_state_functional,0.0,0.0030513726637108464
pure_automation_positive,automation_persistence_0.50,claim_loading_state_functional,0.25,0.002565888334517629
pure_automation_positive,automation_persistence_0.50,claim_loading_state_functional,0.5,0.002157646302437198
pure_automation_positive,automation_persistence_0.50,claim_loading_state_functional,1.0,0.001525686331855423
pure_automation_positive,automation_persistence_0.50,claim_loading_state_functional,2.0,0.0007628431659277121
pure_automation_positive,automation_persistence_0.50,claim_loading_state_functional,3.0,0.0003814215829638566
pure_automation_positive,automation_persistence_0.50,claim_loading_state_functional,5.0,9.535539574098024e-05
pure_automation_positive,automation_persistence_0.50,claim_loading_state_functional,7.5,1.6856611737791603e-05
pure_automation_positive,automation_persistence_0.50,claim_loading_state_functional,10.0,2.9798561169061517e-06
pure_automation_positive,automation_persistence_0.50,claim_loading_state_functional,15.0,9.312050365336015e-08
pure_automation_positive,automation_persistence_0.50,claim_loading_state_functional,20.0,2.9100157391686246e-09
pure_automation_positive,automation_persistence_0.50,claim_loading_state_functional,30.0,2.8418122481468134e-12
pure_automation_positive,automation_persistence_0.50,claim_loading_state_functional,40.0,2.7752072926667195e-15
pure_automation_positive,automation_persistence_0.81,claim_loading_state_functional,0.0,0.0030513726637108464
pure_automation_positive,automation_persistence_0.81,claim_loading_state_functional,0.25,0.002894786282190387
pure_automation_positive,automation_persistence_0.81,claim_loading_state_functional,0.5,0.002746235397339762
pure_automation_positive,automation_persistence_0.81,claim_loading_state_functional,1.0,0.0024716118576057857
pure_automation_positive,automation_persistence_0.81,claim_loading_state_functional,2.0,0.0020020056046606864
pure_automation_positive,automation_persistence_0.81,claim_loading_state_functional,3.0,0.0016216245397751552
pure_automation_positive,automation_persistence_0.81,claim_loading_state_functional,5.0,0.0010639478605464806
pure_automation_positive,automation_persistence_0.81,claim_loading_state_functional,7.5,0.0006282505721740908
pure_automation_positive,automation_persistence_0.81,claim_loading_state_functional,10.0,0.00037097568036307984
pure_automation_positive,automation_persistence_0.81,claim_loading_state_functional,15.0,0.00012935122154403452
pure_automation_positive,automation_persistence_0.81,claim_loading_state_functional,20.0,4.510198215300374e-05
pure_automation_positive,automation_persistence_0.81,claim_loading_state_functional,30.0,5.483348105565721e-06
pure_automation_positive,automation_persistence_0.81,claim_loading_state_functional,40.0,6.666471186302569e-07
pure_automation_positive,automation_persistence_0.95,claim_loading_state_functional,0.0,0.0030513726637108464
pure_automation_positive,automation_persistence_0.95,claim_loading_state_functional,0.25,0.0030124937359271822
pure_automation_positive,automation_persistence_0.95,claim_loading_state_functional,0.5,0.002974110182256154
pure_automation_positive,automation_persistence_0.95,claim_loading_state_functional,1.0,0.002898804030525304
pure_automation_positive,automation_persistence_0.95,claim_loading_state_functional,2.0,0.0027538638289990383
pure_automation_positive,automation_persistence_0.95,claim_loading_state_functional,3.0,0.0026161706375490857
pure_automation_positive,automation_persistence_0.95,claim_loading_state_functional,5.0,0.002361094000388051
pure_automation_positive,automation_persistence_0.95,claim_loading_state_functional,7.5,0.002076932062961652
pure_automation_positive,automation_persistence_0.95,claim_loading_state_functional,10.0,0.00182696952914589
pure_automation_positive,automation_persistence_0.95,claim_loading_state_functional,15.0,0.0014136741950464403
pure_automation_positive,automation_persistence_0.95,claim_loading_state_functional,20.0,0.0010938741439625917
pure_automation_positive,automation_persistence_0.95,claim_loading_state_functional,30.0,0.0006549428568681641
pure_automation_positive,automation_persistence_0.95,claim_loading_state_functional,40.0,0.0003921384814972839
pure_productivity_positive,automation_persistence_0.50,output_deviation_linear,0.0,0.0005792896389915866
pure_productivity_positive,automation_persistence_0.50,output_deviation_linear,0.25,0.0005524690038096714
pure_productivity_positive,automation_persistence_0.50,output_deviation_linear,0.5,0.0005270599498627133
pure_productivity_positive,automation_persistence_0.50,output_deviation_linear,1.0,0.00048017698744286046
pure_productivity_positive,automation_persistence_0.50,output_deviation_linear,2.0,0.00040026721617777175
pure_productivity_positive,automation_persistence_0.50,output_deviation_linear,3.0,0.00033573443323262634
pure_productivity_positive,automation_persistence_0.50,output_deviation_linear,5.0,0.00024110124952903567
pure_productivity_positive,automation_persistence_0.50,output_deviation_linear,7.5,0.00016605791667644268
pure_productivity_positive,automation_persistence_0.50,output_deviation_linear,10.0,0.00011952060404887438
pure_productivity_positive,automation_persistence_0.50,output_deviation_linear,15.0,6.82053855009727e-05
pure_productivity_positive,automation_persistence_0.50,output_deviation_linear,20.0,4.074520895205994e-05
pure_productivity_positive,automation_persistence_0.50,output_deviation_linear,30.0,1.16028515999447e-05
pure_productivity_positive,automation_persistence_0.50,output_deviation_linear,40.0,8.891840599486753e-08
pure_productivity_positive,automation_persistence_0.81,output_deviation_linear,0.0,0.0005792896389915866
pure_productivity_positive,automation_persistence_0.81,output_deviation_linear,0.25,0.0005524690038096714
pure_productivity_positive,automation_persistence_0.81,output_deviation_linear,0.5,0.0005270599498627133
pure_productivity_positive,automation_persistence_0.81,output_deviation_linear,1.0,0.00048017698744286046
pure_productivity_positive,automation_persistence_0.81,output_deviation_linear,2.0,0.00040026721617777175
pure_productivity_positive,automation_persistence_0.81,output_deviation_linear,3.0,0.00033573443323262623
pure_productivity_positive,automation_persistence_0.81,output_deviation_linear,5.0,0.0002411012495290358
pure_productivity_positive,automation_persistence_0.81,output_deviation_linear,7.5,0.00016605791667644265
pure_productivity_positive,automation_persistence_0.81,output_deviation_linear,10.0,0.00011952060404887465
pure_productivity_positive,automation_persistence_0.81,output_deviation_linear,15.0,6.820538550097266e-05
pure_productivity_positive,automation_persistence_0.81,output_deviation_linear,20.0,4.0745208952060004e-05
pure_productivity_positive,automation_persistence_0.81,output_deviation_linear,30.0,1.160285159994467e-05
pure_productivity_positive,automation_persistence_0.81,output_deviation_linear,40.0,8.891840599485418e-08
pure_productivity_positive,automation_persistence_0.95,output_deviation_linear,0.0,0.0005792896389915866
pure_productivity_positive,automation_persistence_0.95,output_deviation_linear,0.25,0.0005524690038096714
pure_productivity_positive,automation_persistence_0.95,output_deviation_linear,0.5,0.0005270599498627133
pure_productivity_positive,automation_persistence_0.95,output_deviation_linear,1.0,0.00048017698744286046
pure_productivity_positive,automation_persistence_0.95,output_deviation_linear,2.0,0.00040026721617777175
pure_productivity_positive,automation_persistence_0.95,output_deviation_linear,3.0,0.00033573443323262623
pure_productivity_positive,automation_persistence_0.95,output_deviation_linear,5.0,0.0002411012495290358
pure_productivity_positive,automation_persistence_0.95,output_deviation_linear,7.5,0.00016605791667644265
pure_productivity_positive,automation_persistence_0.95,output_deviation_linear,10.0,0.00011952060404887465
pure_productivity_positive,automation_persistence_0.95,output_deviation_linear,15.0,6.820538550097266e-05
pure_productivity_positive,automation_persistence_0.95,output_deviation_linear,20.0,4.0745208952060004e-05
pure_productivity_positive,automation_persistence_0.95,output_deviation_linear,30.0,1.160285159994467e-05
pure_productivity_positive,automation_persistence_0.95,output_deviation_linear,40.0,8.891840599485418e-08
pure_productivity_positive,automation_persistence_0.50,wage_income_deviation_linear,0.0,0.00038233116173444715
pure_productivity_positive,automation_persistence_0.50,wage_income_deviation_linear,0.25,0.0003646295425143832
pure_productivity_positive,automation_persistence_0.50,wage_income_deviation_linear,0.5,0.00034785956690939075
pure_productivity_positive,automation_persistence_0.50,wage_income_deviation_linear,1.0,0.0003169168117122879
pure_productivity_positive,automation_persistence_0.50,wage_income_deviation_linear,2.0,0.0002641763626773294
pure_productivity_positive,automation_persistence_0.50,wage_income_deviation_linear,3.0,0.00022158472593353338
pure_productivity_positive,automation_persistence_0.50,wage_income_deviation_linear,5.0,0.00015912682468916355
pure_productivity_positive,automation_persistence_0.50,wage_income_deviation_linear,7.5,0.00010959822500645215
pure_productivity_positive,automation_persistence_0.50,wage_income_deviation_linear,10.0,7.88835986722571e-05
pure_productivity_positive,automation_persistence_0.50,wage_income_deviation_linear,15.0,4.501555443064198e-05
pure_productivity_positive,automation_persistence_0.50,wage_income_deviation_linear,20.0,2.689183790835956e-05
pure_productivity_positive,automation_persistence_0.50,wage_income_deviation_linear,30.0,7.657882055963501e-06
pure_productivity_positive,automation_persistence_0.50,wage_income_deviation_linear,40.0,5.868614795661258e-08
pure_productivity_positive,automation_persistence_0.81,wage_income_deviation_linear,0.0,0.00038233116173444715
pure_productivity_positive,automation_persistence_0.81,wage_income_deviation_linear,0.25,0.0003646295425143832
pure_productivity_positive,automation_persistence_0.81,wage_income_deviation_linear,0.5,0.00034785956690939075
pure_productivity_positive,automation_persistence_0.81,wage_income_deviation_linear,1.0,0.0003169168117122879
pure_productivity_positive,automation_persistence_0.81,wage_income_deviation_linear,2.0,0.0002641763626773294
pure_productivity_positive,automation_persistence_0.81,wage_income_deviation_linear,3.0,0.00022158472593353335
pure_productivity_positive,automation_persistence_0.81,wage_income_deviation_linear,5.0,0.00015912682468916363
pure_productivity_positive,automation_persistence_0.81,wage_income_deviation_linear,7.5,0.00010959822500645214
pure_productivity_positive,automation_persistence_0.81,wage_income_deviation_linear,10.0,7.888359867225727e-05
pure_productivity_positive,automation_persistence_0.81,wage_income_deviation_linear,15.0,4.5015554430641956e-05
pure_productivity_positive,automation_persistence_0.81,wage_income_deviation_linear,20.0,2.68918379083596e-05
pure_productivity_positive,automation_persistence_0.81,wage_income_deviation_linear,30.0,7.657882055963481e-06
pure_productivity_positive,automation_persistence_0.81,wage_income_deviation_linear,40.0,5.868614795660375e-08
pure_productivity_positive,automation_persistence_0.95,wage_income_deviation_linear,0.0,0.00038233116173444715
pure_productivity_positive,automation_persistence_0.95,wage_income_deviation_linear,0.25,0.0003646295425143832
pure_productivity_positive,automation_persistence_0.95,wage_income_deviation_linear,0.5,0.00034785956690939075
pure_productivity_positive,automation_persistence_0.95,wage_income_deviation_linear,1.0,0.0003169168117122879
pure_productivity_positive,automation_persistence_0.95,wage_income_deviation_linear,2.0,0.0002641763626773294
pure_productivity_positive,automation_persistence_0.95,wage_income_deviation_linear,3.0,0.00022158472593353335
pure_productivity_positive,automation_persistence_0.95,wage_income_deviation_linear,5.0,0.00015912682468916363
pure_productivity_positive,automation_persistence_0.95,wage_income_deviation_linear,7.5,0.00010959822500645214
pure_productivity_positive,automation_persistence_0.95,wage_income_deviation_linear,10.0,7.888359867225727e-05
pure_productivity_positive,automation_persistence_0.95,wage_income_deviation_linear,15.0,4.5015554430641956e-05
pure_productivity_positive,automation_persistence_0.95,wage_income_deviation_linear,20.0,2.68918379083596e-05
pure_productivity_positive,automation_persistence_0.95,wage_income_deviation_linear,30.0,7.657882055963481e-06
pure_productivity_positive,automation_persistence_0.95,wage_income_deviation_linear,40.0,5.868614795660375e-08
pure_productivity_positive,automation_persistence_0.50,fiscal_resources_deviation_linear,0.0,0.00048081040036301685
pure_productivity_positive,automation_persistence_0.50,fiscal_resources_deviation_linear,0.25,0.00045539526398989634
pure_productivity_positive,automation_persistence_0.50,fiscal_resources_deviation_linear,0.5,0.00043140705087956605
pure_productivity_positive,automation_persistence_0.50,fiscal_resources_deviation_linear,1.0,0.00038740603092880983
pure_productivity_positive,automation_persistence_0.50,fiscal_resources_deviation_linear,2.0,0.0003133828394060561
pure_productivity_positive,automation_persistence_0.50,fiscal_resources_deviation_linear,3.0,0.00025483245235999953
pure_productivity_positive,automation_persistence_0.50,fiscal_resources_deviation_linear,5.0,0.00017216702846886583
pure_productivity_positive,automation_persistence_0.50,fiscal_resources_deviation_linear,7.5,0.00011150104002805576
pure_productivity_positive,automation_persistence_0.50,fiscal_resources_deviation_linear,10.0,7.809362337264118e-05
pure_productivity_positive,automation_persistence_0.50,fiscal_resources_deviation_linear,15.0,4.795086326912644e-05
pure_productivity_positive,automation_persistence_0.50,fiscal_resources_deviation_linear,20.0,3.446935937054798e-05
pure_productivity_positive,automation_persistence_0.50,fiscal_resources_deviation_linear,30.0,1.6456596212796916e-05
pure_productivity_positive,automation_persistence_0.50,fiscal_resources_deviation_linear,40.0,4.673874012933707e-06
pure_productivity_positive,automation_persistence_0.81,fiscal_resources_deviation_linear,0.0,0.00048081040036301685
pure_productivity_positive,automation_persistence_0.81,fiscal_resources_deviation_linear,0.25,0.00045539526398989634
pure_productivity_positive,automation_persistence_0.81,fiscal_resources_deviation_linear,0.5,0.000431407050879566
pure_productivity_positive,automation_persistence_0.81,fiscal_resources_deviation_linear,1.0,0.00038740603092880983
pure_productivity_positive,automation_persistence_0.81,fiscal_resources_deviation_linear,2.0,0.0003133828394060561
pure_productivity_positive,automation_persistence_0.81,fiscal_resources_deviation_linear,3.0,0.0002548324523599994
pure_productivity_positive,automation_persistence_0.81,fiscal_resources_deviation_linear,5.0,0.00017216702846886597
pure_productivity_positive,automation_persistence_0.81,fiscal_resources_deviation_linear,7.5,0.00011150104002805577
pure_productivity_positive,automation_persistence_0.81,fiscal_resources_deviation_linear,10.0,7.809362337264146e-05
pure_productivity_positive,automation_persistence_0.81,fiscal_resources_deviation_linear,15.0,4.795086326912642e-05
pure_productivity_positive,automation_persistence_0.81,fiscal_resources_deviation_linear,20.0,3.446935937054804e-05
pure_productivity_positive,automation_persistence_0.81,fiscal_resources_deviation_linear,30.0,1.6456596212796886e-05
pure_productivity_positive,automation_persistence_0.81,fiscal_resources_deviation_linear,40.0,4.673874012933702e-06
pure_productivity_positive,automation_persistence_0.95,fiscal_resources_deviation_linear,0.0,0.00048081040036301685
pure_productivity_positive,automation_persistence_0.95,fiscal_resources_deviation_linear,0.25,0.00045539526398989634
pure_productivity_positive,automation_persistence_0.95,fiscal_resources_deviation_linear,0.5,0.000431407050879566
pure_productivity_positive,automation_persistence_0.95,fiscal_resources_deviation_linear,1.0,0.00038740603092880983
pure_productivity_positive,automation_persistence_0.95,fiscal_resources_deviation_linear,2.0,0.0003133828394060561
pure_productivity_positive,automation_persistence_0.95,fiscal_resources_deviation_linear,3.0,0.0002548324523599994
pure_productivity_positive,automation_persistence_0.95,fiscal_resources_deviation_linear,5.0,0.00017216702846886597
pure_productivity_positive,automation_persistence_0.95,fiscal_resources_deviation_linear,7.5,0.00011150104002805577
pure_productivity_positive,automation_persistence_0.95,fiscal_resources_deviation_linear,10.0,7.809362337264146e-05
pure_productivity_positive,automation_persistence_0.95,fiscal_resources_deviation_linear,15.0,4.795086326912642e-05
pure_productivity_positive,automation_persistence_0.95,fiscal_resources_deviation_linear,20.0,3.446935937054804e-05
pure_productivity_positive,automation_persistence_0.95,fiscal_resources_deviation_linear,30.0,1.6456596212796886e-05
pure_productivity_positive,automation_persistence_0.95,fiscal_resources_deviation_linear,40.0,4.673874012933702e-06
pure_productivity_positive,automation_persistence_0.50,claim_loading_state_functional,0.0,0.001635794186284235
pure_productivity_positive,automation_persistence_0.50,claim_loading_state_functional,0.25,0.0015518506235759847
pure_productivity_positive,automation_persistence_0.50,claim_loading_state_functional,0.5,0.0014722147676558116
pure_productivity_positive,automation_persistence_0.50,claim_loading_state_functional,1.0,0.0013249932908902305
pure_productivity_positive,automation_persistence_0.50,claim_loading_state_functional,2.0,0.0010732445656210868
pure_productivity_positive,automation_persistence_0.50,claim_loading_state_functional,3.0,0.0008693280981530802
pure_productivity_positive,automation_persistence_0.50,claim_loading_state_functional,5.0,0.0005703661651982359
pure_productivity_positive,automation_persistence_0.50,claim_loading_state_functional,7.5,0.00033679551688790664
pure_productivity_positive,automation_persistence_0.50,claim_loading_state_functional,10.0,0.00019887438476713987
pure_productivity_positive,automation_persistence_0.50,claim_loading_state_functional,15.0,6.934321025645365e-05
pure_productivity_positive,automation_persistence_0.50,claim_loading_state_functional,20.0,2.4178482383746545e-05
pure_productivity_positive,automation_persistence_0.50,claim_loading_state_functional,30.0,2.9395390012929285e-06
pure_productivity_positive,automation_persistence_0.50,claim_loading_state_functional,40.0,3.5737931781569633e-07
pure_productivity_positive,automation_persistence_0.81,claim_loading_state_functional,0.0,0.001635794186284235
pure_productivity_positive,automation_persistence_0.81,claim_loading_state_functional,0.25,0.0015518506235759847
pure_productivity_positive,automation_persistence_0.81,claim_loading_state_functional,0.5,0.0014722147676558116
pure_productivity_positive,automation_persistence_0.81,claim_loading_state_functional,1.0,0.0013249932908902305
pure_productivity_positive,automation_persistence_0.81,claim_loading_state_functional,2.0,0.0010732445656210868
pure_productivity_positive,automation_persistence_0.81,claim_loading_state_functional,3.0,0.0008693280981530799
pure_productivity_positive,automation_persistence_0.81,claim_loading_state_functional,5.0,0.0005703661651982364
pure_productivity_positive,automation_persistence_0.81,claim_loading_state_functional,7.5,0.0003367955168879066
pure_productivity_positive,automation_persistence_0.81,claim_loading_state_functional,10.0,0.00019887438476714065
pure_productivity_positive,automation_persistence_0.81,claim_loading_state_functional,15.0,6.934321025645361e-05
pure_productivity_positive,automation_persistence_0.81,claim_loading_state_functional,20.0,2.4178482383746725e-05
pure_productivity_positive,automation_persistence_0.81,claim_loading_state_functional,30.0,2.9395390012929246e-06
pure_productivity_positive,automation_persistence_0.81,claim_loading_state_functional,40.0,3.573793178156908e-07
pure_productivity_positive,automation_persistence_0.95,claim_loading_state_functional,0.0,0.001635794186284235
pure_productivity_positive,automation_persistence_0.95,claim_loading_state_functional,0.25,0.0015518506235759847
pure_productivity_positive,automation_persistence_0.95,claim_loading_state_functional,0.5,0.0014722147676558116
pure_productivity_positive,automation_persistence_0.95,claim_loading_state_functional,1.0,0.0013249932908902305
pure_productivity_positive,automation_persistence_0.95,claim_loading_state_functional,2.0,0.0010732445656210868
pure_productivity_positive,automation_persistence_0.95,claim_loading_state_functional,3.0,0.0008693280981530799
pure_productivity_positive,automation_persistence_0.95,claim_loading_state_functional,5.0,0.0005703661651982364
pure_productivity_positive,automation_persistence_0.95,claim_loading_state_functional,7.5,0.0003367955168879066
pure_productivity_positive,automation_persistence_0.95,claim_loading_state_functional,10.0,0.00019887438476714065
pure_productivity_positive,automation_persistence_0.95,claim_loading_state_functional,15.0,6.934321025645361e-05
pure_productivity_positive,automation_persistence_0.95,claim_loading_state_functional,20.0,2.4178482383746725e-05
pure_productivity_positive,automation_persistence_0.95,claim_loading_state_functional,30.0,2.9395390012929246e-06
pure_productivity_positive,automation_persistence_0.95,claim_loading_state_functional,40.0,3.573793178156908e-07
worker_income_neutral_automation_positive,automation_persistence_0.50,output_deviation_linear,0.0,0.0004015187667087013
worker_income_neutral_automation_positive,automation_persistence_0.50,output_deviation_linear,0.25,0.00035684400214729725
worker_income_neutral_automation_positive,automation_persistence_0.50,output_deviation_linear,0.5,0.0003186491474000154
worker_income_neutral_automation_positive,automation_persistence_0.50,output_deviation_linear,1.0,0.0002578490933364867
worker_income_neutral_automation_positive,automation_persistence_0.50,output_deviation_linear,2.0,0.0001791988358154956
worker_income_neutral_automation_positive,automation_persistence_0.50,output_deviation_linear,3.0,0.00013417637929509903
worker_income_neutral_automation_positive,automation_persistence_0.50,output_deviation_linear,5.0,8.909275794781571e-05
worker_income_neutral_automation_positive,automation_persistence_0.50,output_deviation_linear,7.5,6.349506267668134e-05
worker_income_neutral_automation_positive,automation_persistence_0.50,output_deviation_linear,10.0,4.8633540360231393e-05
worker_income_neutral_automation_positive,automation_persistence_0.50,output_deviation_linear,15.0,2.9618072437452456e-05
worker_income_neutral_automation_positive,automation_persistence_0.50,output_deviation_linear,20.0,1.707585980571055e-05
worker_income_neutral_automation_positive,automation_persistence_0.50,output_deviation_linear,30.0,3.0800471868737657e-06
worker_income_neutral_automation_positive,automation_persistence_0.50,output_deviation_linear,40.0,-1.406307312631279e-06
worker_income_neutral_automation_positive,automation_persistence_0.81,output_deviation_linear,0.0,0.0004015187667087013
worker_income_neutral_automation_positive,automation_persistence_0.81,output_deviation_linear,0.25,0.00038683952807928206
worker_income_neutral_automation_positive,automation_persistence_0.81,output_deviation_linear,0.5,0.0003729854088686374
worker_income_neutral_automation_positive,automation_persistence_0.81,output_deviation_linear,1.0,0.000347557678962509
worker_income_neutral_automation_positive,automation_persistence_0.81,output_deviation_linear,2.0,0.00030460648837872886
worker_income_neutral_automation_positive,automation_persistence_0.81,output_deviation_linear,3.0,0.0002702117802779502
worker_income_neutral_automation_positive,automation_persistence_0.81,output_deviation_linear,5.0,0.0002197415210761173
worker_income_neutral_automation_positive,automation_persistence_0.81,output_deviation_linear,7.5,0.0001780495915795929
worker_income_neutral_automation_positive,automation_persistence_0.81,output_deviation_linear,10.0,0.00014889509894106727
worker_income_neutral_automation_positive,automation_persistence_0.81,output_deviation_linear,15.0,0.00010600276206365198
worker_income_neutral_automation_positive,automation_persistence_0.81,output_deviation_linear,20.0,7.154252278383882e-05
worker_income_neutral_automation_positive,automation_persistence_0.81,output_deviation_linear,30.0,2.2252903445573127e-05
worker_income_neutral_automation_positive,automation_persistence_0.81,output_deviation_linear,40.0,1.0985578859542361e-08
worker_income_neutral_automation_positive,automation_persistence_0.95,output_deviation_linear,0.0,0.0004015187667087013
worker_income_neutral_automation_positive,automation_persistence_0.95,output_deviation_linear,0.25,0.00039760336698052134
worker_income_neutral_automation_positive,automation_persistence_0.95,output_deviation_linear,0.5,0.00039412256769990575
worker_income_neutral_automation_positive,automation_persistence_0.95,output_deviation_linear,1.0,0.00038835445182625977
worker_income_neutral_automation_positive,automation_persistence_0.95,output_deviation_linear,2.0,0.0003808885124675163
worker_income_neutral_automation_positive,automation_persistence_0.95,output_deviation_linear,3.0,0.0003776719053621996
worker_income_neutral_automation_positive,automation_persistence_0.95,output_deviation_linear,5.0,0.0003794259624886729
worker_income_neutral_automation_positive,automation_persistence_0.95,output_deviation_linear,7.5,0.0003884527986784511
worker_income_neutral_automation_positive,automation_persistence_0.95,output_deviation_linear,10.0,0.00039724060825398303
worker_income_neutral_automation_positive,automation_persistence_0.95,output_deviation_linear,15.0,0.000398331208269804
worker_income_neutral_automation_positive,automation_persistence_0.95,output_deviation_linear,20.0,0.0003719747734696903
worker_income_neutral_automation_positive,automation_persistence_0.95,output_deviation_linear,30.0,0.00026818972723547226
worker_income_neutral_automation_positive,automation_persistence_0.95,output_deviation_linear,40.0,0.00016029000586535166
worker_income_neutral_automation_positive,automation_persistence_0.50,wage_income_deviation_linear,0.0,-8.527490169013624e-20
worker_income_neutral_automation_positive,automation_persistence_0.50,wage_income_deviation_linear,0.25,1.2677484972806154e-05
worker_income_neutral_automation_positive,automation_persistence_0.50,wage_income_deviation_linear,0.5,2.292345309317793e-05
worker_income_neutral_automation_positive,automation_persistence_0.50,wage_income_deviation_linear,1.0,3.767920858820977e-05
worker_income_neutral_automation_positive,automation_persistence_0.50,wage_income_deviation_linear,2.0,5.2020635131291364e-05
worker_income_neutral_automation_positive,automation_persistence_0.50,wage_income_deviation_linear,3.0,5.5431112081297367e-05
worker_income_neutral_automation_positive,automation_persistence_0.50,wage_income_deviation_linear,5.0,5.051989568218999e-05
worker_income_neutral_automation_positive,automation_persistence_0.50,wage_income_deviation_linear,7.5,4.044279617761875e-05
worker_income_neutral_automation_positive,automation_persistence_0.50,wage_income_deviation_linear,10.0,3.183934524514741e-05
worker_income_neutral_automation_positive,automation_persistence_0.50,wage_income_deviation_linear,15.0,1.9539840577699704e-05
worker_income_neutral_automation_positive,automation_persistence_0.50,wage_income_deviation_linear,20.0,1.1269814745799622e-05
worker_income_neutral_automation_positive,automation_persistence_0.50,wage_income_deviation_linear,30.0,2.0328308965339807e-06
worker_income_neutral_automation_positive,automation_persistence_0.50,wage_income_deviation_linear,40.0,-9.281628265776624e-07
worker_income_neutral_automation_positive,automation_persistence_0.81,wage_income_deviation_linear,0.0,-8.527490169013624e-20
worker_income_neutral_automation_positive,automation_persistence_0.81,wage_income_deviation_linear,0.25,3.910750964271565e-06
worker_income_neutral_automation_positive,automation_persistence_0.81,wage_income_deviation_linear,0.5,7.668222428332009e-06
worker_income_neutral_automation_positive,automation_persistence_0.81,wage_income_deviation_linear,1.0,1.4736135432784137e-05
worker_income_neutral_automation_positive,automation_persistence_0.81,wage_income_deviation_linear,2.0,2.717221685715886e-05
worker_income_neutral_automation_positive,automation_persistence_0.81,wage_income_deviation_linear,3.0,3.750664195047735e-05
worker_income_neutral_automation_positive,automation_persistence_0.81,wage_income_deviation_linear,5.0,5.262878532730596e-05
worker_income_neutral_automation_positive,automation_persistence_0.81,wage_income_deviation_linear,7.5,6.295108917549608e-05
worker_income_neutral_automation_positive,automation_persistence_0.81,wage_income_deviation_linear,10.0,6.605266174933266e-05
worker_income_neutral_automation_positive,automation_persistence_0.81,wage_income_deviation_linear,15.0,5.872806487259829e-05
worker_income_neutral_automation_positive,automation_persistence_0.81,wage_income_deviation_linear,20.0,4.330109579025665e-05
worker_income_neutral_automation_positive,automation_persistence_0.81,wage_income_deviation_linear,30.0,1.4210704256884507e-05
worker_income_neutral_automation_positive,automation_persistence_0.81,wage_income_deviation_linear,40.0,-5.0645781878946246e-08
worker_income_neutral_automation_positive,automation_persistence_0.95,wage_income_deviation_linear,0.0,-8.527490169013624e-20
worker_income_neutral_automation_positive,automation_persistence_0.95,wage_income_deviation_linear,0.25,7.92352181986572e-07
worker_income_neutral_automation_positive,automation_persistence_0.95,wage_income_deviation_linear,0.5,1.8285189323290704e-06
worker_income_neutral_automation_positive,automation_persistence_0.95,wage_income_deviation_linear,1.0,4.561671478975683e-06
worker_income_neutral_automation_positive,automation_persistence_0.95,wage_income_deviation_linear,2.0,1.2221764838522763e-05
worker_income_neutral_automation_positive,automation_persistence_0.95,wage_income_deviation_linear,3.0,2.205703681851569e-05
worker_income_neutral_automation_positive,automation_persistence_0.95,wage_income_deviation_linear,5.0,4.536734054224032e-05
worker_income_neutral_automation_positive,automation_persistence_0.95,wage_income_deviation_linear,7.5,7.600364784516514e-05
worker_income_neutral_automation_positive,automation_persistence_0.95,wage_income_deviation_linear,10.0,0.00010351208394651076
worker_income_neutral_automation_positive,automation_persistence_0.95,wage_income_deviation_linear,15.0,0.0001401253160400078
worker_income_neutral_automation_positive,automation_persistence_0.95,wage_income_deviation_linear,20.0,0.00015050372569437568
worker_income_neutral_automation_positive,automation_persistence_0.95,wage_income_deviation_linear,30.0,0.0001201254353964878
worker_income_neutral_automation_positive,automation_persistence_0.95,wage_income_deviation_linear,40.0,7.173537574780892e-05
worker_income_neutral_automation_positive,automation_persistence_0.50,fiscal_resources_deviation_linear,0.0,0.00020075938335435063
worker_income_neutral_automation_positive,automation_persistence_0.50,fiscal_resources_deviation_linear,0.25,0.0001809021520252765
worker_income_neutral_automation_positive,automation_persistence_0.50,fiscal_resources_deviation_linear,0.5,0.00016374861461824255
worker_income_neutral_automation_positive,automation_persistence_0.50,fiscal_resources_deviation_linear,1.0,0.00013600464919127063
worker_income_neutral_automation_positive,automation_persistence_0.50,fiscal_resources_deviation_linear,2.0,9.891673755239551e-05
worker_income_neutral_automation_positive,automation_persistence_0.50,fiscal_resources_deviation_linear,3.0,7.669431723620754e-05
worker_income_neutral_automation_positive,automation_persistence_0.50,fiscal_resources_deviation_linear,5.0,5.341582794600159e-05
worker_income_neutral_automation_positive,automation_persistence_0.50,fiscal_resources_deviation_linear,7.5,4.03138304033055e-05
worker_income_neutral_automation_positive,automation_persistence_0.50,fiscal_resources_deviation_linear,10.0,3.3416548472419086e-05
worker_income_neutral_automation_positive,automation_persistence_0.50,fiscal_resources_deviation_linear,15.0,2.5039824991138008e-05
worker_income_neutral_automation_positive,automation_persistence_0.50,fiscal_resources_deviation_linear,20.0,1.8331693096889727e-05
worker_income_neutral_automation_positive,automation_persistence_0.50,fiscal_resources_deviation_linear,30.0,7.1983505065420835e-06
worker_income_neutral_automation_positive,automation_persistence_0.50,fiscal_resources_deviation_linear,40.0,1.0485413471394756e-06
worker_income_neutral_automation_positive,automation_persistence_0.81,fiscal_resources_deviation_linear,0.0,0.00020075938335435063
worker_income_neutral_automation_positive,automation_persistence_0.81,fiscal_resources_deviation_linear,0.25,0.00018894538899456994
worker_income_neutral_automation_positive,automation_persistence_0.81,fiscal_resources_deviation_linear,0.5,0.0001779877902503551
worker_income_neutral_automation_positive,automation_persistence_0.81,fiscal_resources_deviation_linear,1.0,0.00015843517677501835
worker_income_neutral_automation_positive,automation_persistence_0.81,fiscal_resources_deviation_linear,2.0,0.00012748434419151362
worker_income_neutral_automation_positive,automation_persistence_0.81,fiscal_resources_deviation_linear,3.0,0.00010528532452626927
worker_income_neutral_automation_positive,automation_persistence_0.81,fiscal_resources_deviation_linear,5.0,7.921249277758503e-05
worker_income_neutral_automation_positive,automation_persistence_0.81,fiscal_resources_deviation_linear,7.5,6.683016029438787e-05
worker_income_neutral_automation_positive,automation_persistence_0.81,fiscal_resources_deviation_linear,10.0,6.44422212521817e-05
worker_income_neutral_automation_positive,automation_persistence_0.81,fiscal_resources_deviation_linear,15.0,6.471197377131879e-05
worker_income_neutral_automation_positive,automation_persistence_0.81,fiscal_resources_deviation_linear,20.0,5.8748600840950446e-05
worker_income_neutral_automation_positive,automation_persistence_0.81,fiscal_resources_deviation_linear,30.0,3.214772786750992e-05
worker_income_neutral_automation_positive,automation_persistence_0.81,fiscal_resources_deviation_linear,40.0,9.357857804667733e-06
worker_income_neutral_automation_positive,automation_persistence_0.95,fiscal_resources_deviation_linear,0.0,0.00020075938335435063
worker_income_neutral_automation_positive,automation_persistence_0.95,fiscal_resources_deviation_linear,0.25,0.00018971472996471772
worker_income_neutral_automation_positive,automation_persistence_0.95,fiscal_resources_deviation_linear,0.5,0.00017940433504579304
worker_income_neutral_automation_positive,automation_persistence_0.95,fiscal_resources_deviation_linear,1.0,0.00016085729581038764
worker_income_neutral_automation_positive,automation_persistence_0.95,fiscal_resources_deviation_linear,2.0,0.00013122048295132494
worker_income_neutral_automation_positive,automation_persistence_0.95,fiscal_resources_deviation_linear,3.0,0.00011008729266431092
worker_income_neutral_automation_positive,automation_persistence_0.95,fiscal_resources_deviation_linear,5.0,8.748834388947683e-05
worker_income_neutral_automation_positive,automation_persistence_0.95,fiscal_resources_deviation_linear,7.5,8.429624504767381e-05
worker_income_neutral_automation_positive,automation_persistence_0.95,fiscal_resources_deviation_linear,10.0,9.662807250304548e-05
worker_income_neutral_automation_positive,automation_persistence_0.95,fiscal_resources_deviation_linear,15.0,0.00013516238163940525
worker_income_neutral_automation_positive,automation_persistence_0.95,fiscal_resources_deviation_linear,20.0,0.0001646498734996798
worker_income_neutral_automation_positive,automation_persistence_0.95,fiscal_resources_deviation_linear,30.0,0.00016540287445923518
worker_income_neutral_automation_positive,automation_persistence_0.95,fiscal_resources_deviation_linear,40.0,0.00011888035171353346
worker_income_neutral_automation_positive,automation_persistence_0.50,claim_loading_state_functional,0.0,0.0033347235082886073
worker_income_neutral_automation_positive,automation_persistence_0.50,claim_loading_state_functional,0.25,0.0028426195014821286
worker_income_neutral_automation_positive,automation_persistence_0.50,claim_loading_state_functional,0.5,0.0024268372397588016
worker_income_neutral_automation_positive,automation_persistence_0.50,claim_loading_state_functional,1.0,0.001777981539368652
worker_income_neutral_automation_positive,automation_persistence_0.50,claim_loading_state_functional,2.0,0.000978592795716049
worker_income_neutral_automation_positive,automation_persistence_0.50,claim_loading_state_functional,3.0,0.0005618740389437202
worker_income_neutral_automation_positive,automation_persistence_0.50,claim_loading_state_functional,5.0,0.00021748064469197682
worker_income_neutral_automation_positive,automation_persistence_0.50,claim_loading_state_functional,7.5,8.992043189384041e-05
worker_income_neutral_automation_positive,automation_persistence_0.50,claim_loading_state_functional,10.0,4.629126361992035e-05
worker_income_neutral_automation_positive,automation_persistence_0.50,claim_loading_state_functional,15.0,1.5217654704150962e-05
worker_income_neutral_automation_positive,automation_persistence_0.50,claim_loading_state_functional,20.0,5.277220889064363e-06
worker_income_neutral_automation_positive,automation_persistence_0.50,claim_loading_state_functional,30.0,6.412443650573967e-07
worker_income_neutral_automation_positive,automation_persistence_0.50,claim_loading_state_functional,40.0,7.796001020981496e-08
worker_income_neutral_automation_positive,automation_persistence_0.81,claim_loading_state_functional,0.0,0.0033347235082886073
worker_income_neutral_automation_positive,automation_persistence_0.81,claim_loading_state_functional,0.25,0.0031635964959298157
worker_income_neutral_automation_positive,automation_persistence_0.81,claim_loading_state_functional,0.5,0.0030012511574597465
worker_income_neutral_automation_positive,automation_persistence_0.81,claim_loading_state_functional,1.0,0.002701126041713772
worker_income_neutral_automation_positive,automation_persistence_0.81,claim_loading_state_functional,2.0,0.0021879120937881554
worker_income_neutral_automation_positive,automation_persistence_0.81,claim_loading_state_functional,3.0,0.001772208795968405
worker_income_neutral_automation_positive,automation_persistence_0.81,claim_loading_state_functional,5.0,0.001162746191034872
worker_income_neutral_automation_positive,automation_persistence_0.81,claim_loading_state_functional,7.5,0.0006865899983441809
worker_income_neutral_automation_positive,automation_persistence_0.81,claim_loading_state_functional,10.0,0.0004054245281222566
worker_income_neutral_automation_positive,automation_persistence_0.81,claim_loading_state_functional,15.0,0.0001413627920439466
worker_income_neutral_automation_positive,automation_persistence_0.81,claim_loading_state_functional,20.0,4.9290157818064285e-05
worker_income_neutral_automation_positive,automation_persistence_0.81,claim_loading_state_functional,30.0,5.992532491761412e-06
worker_income_neutral_automation_positive,automation_persistence_0.81,claim_loading_state_functional,40.0,7.285520528736793e-07
worker_income_neutral_automation_positive,automation_persistence_0.95,claim_loading_state_functional,0.0,0.0033347235082886073
worker_income_neutral_automation_positive,automation_persistence_0.95,claim_loading_state_functional,0.25,0.0032784691638557276
worker_income_neutral_automation_positive,automation_persistence_0.95,claim_loading_state_functional,0.5,0.0032236379619090434
worker_income_neutral_automation_positive,automation_persistence_0.95,claim_loading_state_functional,1.0,0.0031180300105147934
worker_income_neutral_automation_positive,automation_persistence_0.95,claim_loading_state_functional,2.0,0.0029216630788779533
worker_income_neutral_automation_positive,automation_persistence_0.95,claim_loading_state_functional,3.0,0.002742802925734063
worker_income_neutral_automation_positive,automation_persistence_0.95,claim_loading_state_functional,5.0,0.0024286527504154857
worker_income_neutral_automation_positive,automation_persistence_0.95,claim_loading_state_functional,7.5,0.0021003824349197903
worker_income_neutral_automation_positive,automation_persistence_0.95,claim_loading_state_functional,10.0,0.0018263532168643762
worker_income_neutral_automation_positive,automation_persistence_0.95,claim_loading_state_functional,15.0,0.0013947550094532237
worker_income_neutral_automation_positive,automation_persistence_0.95,claim_loading_state_functional,20.0,0.0010728044081805554
worker_income_neutral_automation_positive,automation_persistence_0.95,claim_loading_state_functional,30.0,0.000639810902637087
worker_income_neutral_automation_positive,automation_persistence_0.95,claim_loading_state_functional,40.0,0.0003827724465158568
